subject_id,l_fit_e,beta_e,tau_e,optimal_NLL
44r44zmrtvl59ml3llcql4w4,19.472239179566188,1.974937242567151,0.06921722911534861,954.7791683917761
sstr63rwvsmz36hmqs6hzzvs,11.63069555495213,0.3407542614245056,0.06922403154823617,817.0497504731413
4qrwq53mslq4cr4vsrt6946c,5.040806412536965,0.017008565774520285,0.03819793516495422,507.9669724764841
43rzq63t93hsl5ccc9369s5z,14.820143445524206,0.2799276258626294,0.07116323663289145,955.514858910869
6mtzhvrqrcs3rq3vhhrr5c43,14.682055904805193,0.9340020139986878,0.06785868419751423,938.1358741990612
tstr6t4hc5s3z6r4vmhz366q,0.7512143564637999,0.1876462224666987,0.04022793365659767,489.05531869072735
5ctz9lwc6rt9c64rztwr6rzm,12.658081180224723,0.8619069016581798,0.06602422445339105,978.3969614411169
4zr94h9h9369rmm6h6lq349v,0.7563016709945298,0.08864589671122358,0.03558718808750004,508.08785649128055
4wrzqq5v5hthcvw6q933l4lm,17.26475849721342,0.006737946999085467,0.061751141480261465,988.5684610061736
w6t369hrcqztq4994tvhmmzr,0.9423963551408233,0.06570670397913948,0.04206583196104208,570.8252803316211
4qrs4qcwwtz9qchr33lqz43h,18.906769978375607,1.8298805711518034,0.05997663654303103,922.0533194179762
4rrm4tcchtl49z3w3z63h4v6,1.0181120198663687,0.1716795896267384,0.04306899123080821,656.7818417509442
46r64hhtvsz9rmrscrcqz4vv,1.8084208751298925,0.2323862987409444,0.056122569312475515,574.8293940735496
mvtr3v5q95zl6qlv4ws93tcs,20.315326340024477,2.213445354508571,0.06591142785278428,907.9217672599609
4ztz9cwlhttm9qqh4tmvwc5h,23.050288389798613,1.5819262187023642,0.060894582897575045,878.622776936192
lzrhwclcm4mlvc9lmvlwswht,15.551993843713111,0.8892968576508153,0.07233069266969147,950.1979024136479
4tr9q9qmszw33vhmv33t54w4,26.770035439707087,1.8626805087173919,0.062342269895531814,975.0924565645518
qht6z65mss65t4rmq9llszth,20.551437485874224,0.628581936306457,0.06511628106541151,701.4101371924255
44r54szvvth99l4mt4qqt4qw,0.43392026690172764,0.4075595335339471,0.08151614953727548,841.9087292665754
4sr34wwcvzvr33l9t4vq64l4,11.580179213499864,0.8205057804895322,0.0665095642685586,838.2715802885909
4wr6365m5ztv35vswq3436ws,17.934641002144772,1.5432697603462966,0.06422230625959925,909.1983344188959
4wrz49rt3wv4qvm36r5q649z,2.287977633434445,0.15346444147432614,0.05630912073180211,788.507750582767
6vrm99wzvh35rzsrvwwtrczt,10.27694542396098,0.37331866040859635,0.05867235333797653,712.9162759718787
vqtlrhrrsr53m4m45mrmr9m9,22.63700434482653,1.063699571260007,0.04967224282411632,825.2685582459716
4trzqwcv6649tczrrlq3l466,15.552184504773184,1.054451826263232,0.0581246753306672,879.3685984600276
49r64m9sqmlc9t5wq69tq463,12.756557928103291,1.1529223240506798,0.06976055438294362,933.3594661264142
9wtlzmtvw495v6cc6c5r4s44,0.9130704072751155,0.10196238990115641,0.04079091206434024,712.9123402126402
qzr5q3z6vsvwl5m9z34zz3hw,13.334644574636517,0.20056363038568947,0.05673455990556345,780.1239219248965
4zrzqhwwszcmlvz4s6lwz4c5,10.449002363439794,0.006737946999085467,0.03566037306055121,589.717565657774
vhtq5zchhvrm3664zr3hc65m,5.87289346336565,0.4955914614711019,0.0580951926412035,759.0191264378919
45r94sc4rsvlt3hhqs4q345m,0.6934878211525832,0.06351328420094,0.014587526233718269,221.4158450263859
4crr4qcqz5vrls4vrqwqh4ms,16.427481642667388,1.0084766818001585,0.06886335522468587,925.842394714925
4wr3qqvq3w95wcc9t9wlw4c6,22.110536269453156,1.7978867483971968,0.052689525735171695,838.8442845987048
clt4966zmmz654t3l93l4sw9,1.8188509998303493,0.12996032035799993,0.058321697345147326,758.3395872014171
99tqcvrwlszs949zhlrcmvmr,1.612894598760822,0.23173658294085175,0.04626684087035066,672.4402187605591
4rr9qh39lwrvlvwm654r54w9,1.0388490311788205,0.20578171256409333,0.0483251686353107,610.8692953631632
cct6cllh9wtqm6t54r6cw3qr,0.5723590901167435,0.17074059744931658,0.04529196503165131,604.1550262501208
t5tt6vltm3939qtmv3qmvw49,0.5759780263249552,0.09597389748813255,0.02935619844689282,381.9085126633552
33tm3r9vwlrzs4mzrrvhcqsz,21.78838960998353,1.7460546459210504,0.07094834852165186,962.4318116415876
4crcq3h3zslclv6qwmz6s453,11.778750547671589,0.006737946999085467,0.05170404665627566,679.84432946286
4crrtql9ctwwz5cwzvs3c5ql,6.79503429787759,0.13408762840726143,0.06863554573334568,866.1126186505093
64rqchzrzww3m5hs495l3qzs,21.332903733852223,2.044405527571775,0.04780056413337702,795.700317546574
4hr44lch6vl5hmm9vm5ql4c3,12.925459469372797,1.526693096008192,0.06240186254601696,889.7404540256846
z3t64h494tq9r4mz3vl434v6,8.570888824477505,1.0958452407568795,0.07051036751007723,857.5200884037702
4qr34shqmq5m43m6wh9qs45c,17.028775222882672,1.0444223527330663,0.06589497278747886,960.1815901566391
4vrt4t9z9htr9lrhtmvq544c,16.556292157353802,1.2314428965942068,0.06751112100160142,886.5411710632267
69thlzq3366qhql653rwrzqs,13.384381169864149,1.5539314977523868,0.0612446198144847,896.0726590409673
hrthcltvhqlcm6mvc4w63tq9,23.088445990223775,1.2913518114638487,0.050006057655186904,836.8662173541428
46r34h9tqw9vrshhw96qc4zr,2.5352500090699532,0.07910230052342399,0.04492993561909376,665.1348781086858
66tmzww45vw9c4h39c4r6rq6,8.282337020263382,0.006737946999085467,0.06255338521771611,858.173224843148
4crs4vmc4h55qvqmls4qh453,15.559474372225376,0.006737946999085467,0.047660268998215,707.1189981198105
cvt4th9vcshr6q559w46z46l,10.252812483208153,1.2284549870524826,0.0651043278158933,918.55157800341
qsrrv9r399hl655wqmshwc4v,11.393069144370564,1.5050385156230324,0.06772353242904987,877.3670950890927
hqt4zv39rr49qhvz6lqwtmqh,2.1997353312077292,0.2047593138739659,0.06161201082428795,683.2278183900027
cqtr9mqwmqrqqhr45z6qtqw4,12.102487579950159,1.4214357385779568,0.06283053878193592,796.1479642711329
twtv6434qrh3z6ql5m4h336z,5.902463212542475,0.006737946999085467,0.06274424727082023,813.4187881535407
3ht5m4wcczzcl6z96zwr3tc9,15.813841435105195,1.1868460468580462,0.07261517976458925,984.3094466193388
4wrt49z64cvts3c339cq34hm,12.304036742433844,0.5772441233989324,0.06497467588572856,899.9553131423808
4rr4qr63tqww5vrsqtrwv46s,17.944686865140465,0.2932162607879025,0.06124501642173777,866.5309449451915
4lr5qc94z3lrhc9z6rl3s4mr,22.422142271587283,1.9866900809673207,0.051858452057699074,824.5082180330201
99tm56rwzr5lqh6z6mscq9h9,0.6294939981454142,0.12627748178749879,0.03424380004805534,486.42074005478685
43rc55sq9l34z5vlrvrwttm4,14.766001409540355,1.3448382531047027,0.059122006366787536,878.2558355699514
wwt4t66hszzzc6qmz3zwv9rm,2.4529729389960817,0.006737946999085467,0.045932411060795805,545.1671694545385
h5tzm4r4mwm5rq33q4tvlzzm,16.299248765468782,1.2770827040642478,0.05598380148275825,887.9421340969094
4crr4rvsz6rtr39v3s6qv4sh,24.70164658149932,1.638714723937934,0.05622213249665346,854.3831590650555
4cr35cv3hm453593w345v9vl,2.217544456236146,0.07409674022305421,0.04354950413549163,621.6049590469004
4trz4wrwrvz5rml3mc4qs4z5,9.525363635677365,0.006737946999085467,0.04463023866232851,642.361808471942
4mr6q4wzhltzrch3tr5w64h4,1.147866566518155,0.13166543347196796,0.055837377208648245,766.5674311940741
4zr445z6zvcssmt9qmzq64mr,0.4653464918203823,0.5203449111617382,0.09753609733271298,781.4989646249985
t3t65tm94r4tz4sqqc4rs65m,8.462555187426767,0.34477755992235215,0.06484730116941263,909.8147627620391
45rc4sz355c3clzl9srqz46t,10.154607204579248,0.4020381795843916,0.06301460824340213,839.9708136108603
54tzz44zm4q5hqwcvtqrttvt,0.2780563770281902,0.4435836907071563,0.0824399386376492,799.0357165543139
s5tw9zrwsrcw36s3hqwrtctl,10.21017426359862,0.006737946999085467,0.0472832818230042,713.4857465705498
rrtss5zs9vmt64hs4vc336hm,13.629518064774333,0.49218600362476517,0.08619482976387333,977.0897603846463
4lr4463vlcz96l5wwt3qq44l,10.842775881399394,0.9252828383232198,0.06694320138732507,814.6745520739597
sctczct35sslc4sr9hll3vcs,11.599991922757596,0.7869072472277916,0.06848475251976174,942.2390051083921
45r54qzzhltztvhwrhmq646m,17.23507535207385,1.6764880133604967,0.06545747865634208,931.4500701479424
h4r43mwzz964cc63599z6clq,16.168747498769193,0.9955838618861809,0.061606691300074054,937.347930080205
q4r34cr6mq3zmcmqmmt5rqmc,0.7647255516119144,0.16207449081967884,0.043742946804705876,638.4378247553252
sqt9h63wz6c6w6s545thmml5,20.440156093801434,1.1817895998690262,0.06198632042825704,861.41089067345
q5trh6qlcv3sh4w6whvws9lt,3.871865957146966,0.4974759300921855,0.06279199310120359,745.7374524179894
h6rq4lm53rhrq5m39mhm4rt5,0.6950359710688603,0.10665470514161635,0.03220108293522146,478.9955911132297
rttlzthh5vlsqh5r3hqmzlmw,6.554888712473637,0.1554784372889137,0.06287620862890309,816.7712639291086
56ts943rqw34c6m3hl3zh4lh,16.025525889714938,0.006737946999085467,0.05588884688082406,805.8964610602867
6ztt3vwh555rqqwt9vstqsmz,22.420381162099098,1.6203288397769247,0.061475498475289034,877.2130151232693
3vtqhqwww6vqhqz4c4zm46lw,1.4509638854087894,0.006737946999085467,0.041379932403880285,489.4473933859039
sttm39wmrr9wqqqlvz6srv66,5.092762960150907,0.006737946999085467,0.050304091216311145,731.7706341276169
m4r649cthqzchz3rmc6zczqz,0.6014040822921304,0.1601295731118802,0.03674360479868104,438.57145360453643
z9t4qqr64trmqhr4lwczt4ms,0.633440760403909,0.20298053980681757,0.04495773549397198,632.6942965718376
qzrmqwl9l5wrv565vt3zc9rl,18.399215829173535,1.2490127479965176,0.0587219261520665,905.8433134700144
shtc6vsrvtc4z6lslcl3lc3c,20.54650856898029,1.3464494388054944,0.06762289481231173,961.5599425499503
vstz4lt9thtss6h9cz346z4z,17.43404918425329,1.20247969456506,0.06774625740624693,879.5008233332942
4mrt46q9stlw6cs6vt3qv44t,0.5750897943859811,0.12081022632555602,0.03155698636240266,357.5263087515911
4hrz496cqvc6rlqzr6hq94rz,16.411111289778496,0.3022278977097195,0.06208818602544639,825.4423092700861
44rh44tmsm4r53rz6mhq6434,13.286430700773007,0.006737946999085467,0.057403312183509234,694.716393204859
9cr3qc53hwscw5r4wcwqcwqh,10.291177041859893,1.0793428370847526,0.058513725166294425,775.8593532821184
4qr6qmlszmhc9t5wqqh64463,23.581001992241283,2.268829315527171,0.059327515508930326,852.8573842489905
4mrh4rmqslm99wq5r95t44vm,15.20903136751334,1.2389177472903343,0.08419173353645093,946.2571657080074
9zr5w4r3rmwrc5s3vshz4q5z,8.627925949666198,0.7796541887617394,0.0648846298658976,752.1032298536184
m3tqh6zvvch66qchwsz5cmmt,15.288127187473837,0.8842008235391965,0.05633649327097202,855.4753777740087
l5t53qmrsc3lm65s54q6q66q,9.676692331301437,0.39794778143464377,0.07803678270554676,937.1596069561377
t9rh99vlhqlhhzmv4q5msqlh,1.104140887883597,0.061811060236484916,0.03311990930886889,572.1056074537154
vctr4q4t939tz6lczmw6zwv9,0.8532928382875322,0.27694965865399535,0.05987160961486789,743.3386299138227
trtr6v9z9qwtm6r5q9scch34,21.78183921839578,1.8996843612009864,0.06920176059787218,896.2177677482543
q3t9mwv36z5vc6m6vrml99tq,8.887186035523904,0.49279498577264025,0.06665470411966247,895.6914695482153
cctt45lhtvh6w6whh3twwlml,14.137746576735005,0.8597466663612858,0.06690747170444497,869.7016237059871
v6tcmmm5lzw456mrc4qq4q5v,0.7900095238776963,0.11062300175390408,0.033720410575762735,516.5734719006824
rrt6wq964hstm64qthlr4h64,1.211288949876144,0.1532273223095043,0.054925169106866074,673.7362782226023
3rtl9lqrw6zh56mmz6q3qzhh,20.636896012484907,1.7092175578911712,0.05550760186563145,804.1330715594202
w9t4swlzv46lm6chvhqcc9ql,0.75495922054794,0.3824615765866074,0.062388411611929276,696.512968129997
hmt54tvh49mwz6vrmvw54cr4,13.080035409856809,0.006737946999085467,0.06321638595226961,961.2039670617826
sstrt499c99rz635qmcz3qqq,8.508688154417843,0.006737946999085467,0.055933034684867974,743.8573725006911
5ht656h9ml4qc6m4mq349vzq,1.5048851753306183,0.16222651706364905,0.038808381481930304,513.3328878640367
4rr963tt39htv5v646r66q4l,10.876018500325042,0.5890252308410768,0.07081636152958357,829.6294048124909
43rz4qv6sc3wh3ttrhcq54m4,9.752849067192152,0.006737946999085467,0.07589324404313774,919.2243120909644
4lrl44rr5m5tvl5hhm4qm46r,19.44374955784985,0.7997609967132889,0.06589583927169115,920.5983643973879
vttz6rqsv5v6rqqsvzhzst4w,12.897033313630324,1.0777877380259966,0.07295999250619048,956.2839474554285
wltc4vmhzvqth4zlsm5c9ccw,9.611211129624614,0.07596383670351484,0.05541948217507682,670.1408864297945
c6tms9v56h9wqhhm4hw5993c,3.595706787574869,0.06418951761491817,0.04476798098567718,620.247619011181
mzthz6rzm53zwqlcvhhl9m6h,12.327821315574662,0.23660334549072445,0.06750778548369069,862.366374488809
49rw4z6s34zttv44zcsqz4sm,21.623957950655022,1.873482084803716,0.055097386369900275,840.0096842623427
45rq4z5wqh4vsl5cl6zqs45c,14.000411408059481,1.4895001579372877,0.06242655056574377,856.4665141464116
4wrh4hmlzrc39vhhmzlqm4cc,11.022728426480768,0.7623301442707546,0.046536676412386,640.847509707266
46rlq5h96swtqcrqvls3w4r4,21.444028876216656,1.0683561363059138,0.0691446809518576,912.6773784030152
rvrslztlz3s5z5cz9w4ql4ll,20.455649587076273,1.1858143382741337,0.06534323087445174,871.9697799310027
63t3l39355zhc4mvmvrmc6cz,12.931706187269617,0.24363237587008688,0.06134173295760473,903.2279121432774
c6tz56twrt3hm6rvvtmwv93r,13.033915271859932,0.3546241406913866,0.05507504467346083,713.0117303396615
6ctr594zhh69v6czcrv4c949,12.055450509948152,0.006737946999085467,0.04045688405475983,628.468968210691
hwtm4zl36ctw34rll3zq6wr4,16.52300895956016,1.4434452485921883,0.05576976891379447,876.1115451102314
zvtcrhwvttsmz4mhq354c6tt,9.615910607296529,0.006737946999085467,0.05562727256334589,788.2608741318585
rrrcsr6vtwvr653m5zstlqlr,22.422685328427292,1.3892327625943826,0.058650584314359266,917.4682121321916
4ttrlcqvrmrm449ttlzcs5t3,2.025461620683375,0.12424001465665714,0.05919472315240049,793.39389857285
4htv5t9ttz3vq4zc3swt5h6z,14.259225950704149,1.752640135983344,0.06639009129136872,958.7137266402485
hsrmcth5t3r4559cz65smmr4,12.80918920297545,1.291345649582445,0.07155371416091386,1025.308611270144
56trt5cv6qqll6mtvzvr54zl,0.6331136574174814,0.1636473632118687,0.03816201093288746,470.67511272077616
h4rmlsmh4mr5lzz6954tmmhm,0.9270050702284967,0.10133391603538414,0.03870658008047272,554.5758184265214
htthz63rctzvtqr5rctswhlq,10.858725786182692,0.7481662775645671,0.06522355362517135,938.5629987479645
z3tzzmcwttsvrqctrltzww4q,18.67340232713047,1.2193342655231159,0.058621252089334615,797.7273432749013
9stq3m4v36tq4hqrvhvchcmv,1.7502718763216696,0.006737946999085467,0.032331347460644214,513.9175433416998
4rr64vtmwt9wlw34ww9qr4h9,0.6393950356786907,0.13374786222653104,0.040227493435467665,499.3559642348094
44rq43rwqcvr6359mwqqz4r3,1.4976311771071993,0.06535578677666054,0.046932664053072295,653.2849499920328
qhtv94h59ms4369tv35cmc59,13.77558122148083,1.3979630456964929,0.04845667810069228,633.2994173708717
tmrr5ctq3cczmzhtqq33c5vr,3.59290574533736,0.14245352811762368,0.044211382104503656,526.8445384390986
w9th4svs9l3456mz9lhszc5q,21.46380504956231,0.9141255893863334,0.052047572509111226,855.9673992410208
lctvr6qsmsqtqhw454h996cq,13.929967188873494,1.022480917713652,0.07254519961861225,897.2687960437296
h5tcqw5lvvtcz69qvvr9mtzv,7.096699207844056,0.22521773288713184,0.05195544566835218,889.114663605953
3ct6l6vmsl9ttql55664mqz6,3.3863477931356076,0.060285100829340674,0.048939940910483926,633.8158450587872
4lr5qc9mhhm53vtq9m9wv4c6,12.033958880547228,0.20584982818655842,0.05816645149609312,838.1268562723718
4wr34mvl3qr69l9zsl9qc4sz,23.826166219894862,1.8343197005075038,0.0644857785258294,924.4064033995185
wttmzt5t6qvvw49lzcs66vhh,12.458470192656652,0.4926787839495538,0.07277114331230025,917.5080531741289
4zrq4hrc993hsm6mwmcq343c,18.001881973449834,1.3799601439743934,0.061636271183295094,946.420413634148
4lrc4mhwvsrz9v44tl5qm44w,0.6585061091937852,0.14919631597111108,0.04144890768874078,611.0504067692002
9ht3hv544lr5c4hzwt995h6r,1.9428659427164705,0.12101174967277373,0.04137252030381032,579.6756975536516
z6tmvhrml4qhqhlltt9zstzr,11.835509940998001,0.4189622786493472,0.07094115894745344,1016.0678919905845
64r3zth56ltw6z5v5zc9lv5l,1.5785787361405006,0.006737946999085467,0.045924668482025754,715.7597957320678
4wrw43ctv9zqz3hwl45q449c,10.100335010850904,0.08799570789719716,0.06427493372208107,763.2813662041734
4wrl4mvv5z3hhl4qzq6qh4qt,12.906342146510507,0.788114064477178,0.07481294654175691,939.9616807149779
4vrc4v9hl6qs6mc54mcql456,7.425561988616257,0.006737946999085467,0.06495170332314364,745.5071563406915
whtqqcwhl9tmmqq49m63svvh,13.71055457840614,1.0877531359047703,0.08122210641957592,988.1422402844044
4rr94vtltshvzvz34t5qz49w,1.5670248460225251,0.20524442991175312,0.04351491239846235,572.4213402664301
s5ttcv9wwtzrs4ccrhrsc54l,1.3268610589261756,0.006737946999085467,0.04846299315994525,575.7807417980753
4rr444hrw3lm9vw6t5hqr46v,1.529364127036395,0.180021595411024,0.05710595852658529,642.6516554559844
6wr4t5rv94q4l5lqv94msmt6,20.151526962083842,2.176134293693382,0.06584128393598485,996.6537196742075
tlt6r54m3cw4m6l9w9wwc6zq,1.0767187808334922,0.055122443611877125,0.03331015369222665,557.1665935430564
4wrr9z6l5lclw9mcz4tv5qm6,16.746135575171415,1.8404251069911894,0.06192306539703339,888.7745865663462
4vrw4t46s359qm4353rqh4lv,13.788284931496978,0.4575286904924062,0.06783200386755212,929.0388124169726
q5rw56966z6vszsr49wr63rr,1.5130837774700951,0.1862320553840879,0.05764113091829123,837.8213724122825
4qrq46wmcqhmlltcszvqh4cm,13.300450496524242,0.7782602835113779,0.0722588727837241,914.1377076035568
4lrm4q3sr49chvcz5z5qc456,14.143851620304154,0.9546666837270399,0.06900873779077712,939.1326824972583
lhtrltttmll3c6zv6q6559r4,3.954906995541485,0.006737946999085467,0.056666578426579434,693.2464154627553
43r643srz35chvl6tzzqr4rw,1.1429439052396382,0.1745681066889014,0.047917782250266924,658.5023192172936
hqt5m44wlr44l6ss95cl5435,14.337494207646571,1.737712305441781,0.07766624123655128,1020.6530768091004
36t63vqlh6mcl6zvlt5qmcr4,22.33939906036389,1.2938961121505619,0.05110249052310261,801.1156603764301
tstrhtcchtshv6qq3tlcc449,10.034445360294505,0.006737946999085467,0.050314869447782545,612.0181984925339
qst4hvq93rcltqtv5933q4h6,14.792822776866867,0.39945112551316175,0.067138483313018,954.5045832684865
44r94wl93qhs6mtzwrlqz4qr,0.5919501361495554,0.21060984967159935,0.05497323680345871,591.5188791071726
36trs4h6qqs4v6qw3954crll,1.1285179942456935,0.006737946999085467,0.030013150659982158,384.11537270479914
cvts9mzsl6zwrq9399vrsh55,1.0482698106615858,0.22454862746658463,0.042685313002802844,566.995190733765
46rc44mw46w69l6935mq94ts,11.290008704722851,1.5056351718388257,0.06788605197119674,969.3687343704523
4vrm4shlh3rvsmzs5wzql4ww,9.497793799650465,0.7964314795206513,0.05337764599391308,770.3526885901302
l3t6tszw94lv9qq3clhzz6l4,14.467712373885004,0.6132366155869128,0.06219315133152472,760.8046761539408
4mr6qh9vzl53svz5wwztr4c9,13.724773414350938,0.0935645789764154,0.0637970400030463,929.6742074948066
9ztml9vh6s3h54tvw5tl44h5,15.408580503166236,0.8769153600440817,0.07949201014698495,1014.8859104611698
4qr5vs46wz6lqz4vmsl6wc3r,0.615658141915185,0.15757486820089642,0.028318591645297493,489.1608147776319
qrrv935hl3msm5sv9456s436,15.30649386015952,1.1338935948507367,0.05767060076070543,914.9913936075136
httmrrr4srh4564z9qwc66ls,1.1069654288886466,0.0798903507389291,0.03402357673736355,739.1468252540935
hctzc96c4tc9rqs9cls39z34,15.923107806637931,0.8381314079245211,0.06606388127819485,897.168046003077
4vrc4l9m3l35339tzzmqs4ss,12.701685525820231,1.37256080392868,0.06675111903838538,888.9385512854365
4qtmrhqhmltt9q3llm56zczr,1.0455690011430026,0.15338723185012149,0.04816513584898062,652.9379027023397
h4tz45cv3qrhs6cwmcrh436m,1.2495684996652745,0.14030190144082194,0.04627529641579119,608.2637544335682
sltl6smhmzsll6vh9svcctq9,8.870251666271898,0.2914335090905201,0.05822207517871565,748.5936087945302
46rh44v4z4t93s35l5mq34wl,11.800303914564203,0.72548074579129,0.06719639833114992,1024.565595467207
lvtzl64w4vvw36sr94hs659v,0.6728609770410778,0.09581588053062357,0.03142875980971875,507.1188045747685
rwt64mhvhmwlr494c6mwzqc9,16.810144205397954,1.193045537205403,0.05816512910510707,872.2793080974839
45r4w4w94slzz5qscc6v4wms,21.91254138179245,1.968854718396384,0.05818183652735284,803.5092040059099
6ctqtqqrmt3rhqqm9mc49zq4,1.3197982653651588,0.18739748633255793,0.05127409569050145,670.1469756641501
46rqqq6c69tl3vzstmvrm4cq,10.818367179920047,0.9873545678367169,0.06732307117743763,905.0900708006849
rmth3h3cwq64qql46h5qlwr5,16.48335928717539,1.3977610468631094,0.06360018365098966,939.1944360894943
4rrr4q9clwthl5969htlzqms,5.662374056373318,0.02489363543118133,0.05448017336265967,599.6211962088607
s9tt3m63mszsw496ssqq6sq3,15.799587826731067,0.19866338606859973,0.054784585011322356,810.7432319669771
w9tthtzt39tcm6rq39trzscl,1.1326998175717984,0.14270490228207883,0.04220255368300438,693.2657024957223
45r5z9s435chz56htqvrvwr6,1.213418416483167,0.10075443036694087,0.039076180744991015,568.6202772728025
3tt6693m6hhsqhlmww6v3hrm,0.8067079328709645,0.0947257431388005,0.026545871787820953,378.5870231962625
wztw59rm9sltv6h4rmsmht66,9.806702254810574,0.34346299109273737,0.07040322618772887,852.2853816664164
46r543cs5tl56v6qmc5qr434,14.559042817133243,0.4968657912619747,0.07160229795938537,849.7251467609085
tqtv94mv9cz5s6zzrtv4qhcl,1.0167471124868306,0.07190159691992512,0.024825312996835557,568.106563115604
cst9v559hmrc4h4trhrmq6s6,11.409739455506678,0.599456731693936,0.06922223239093478,944.457585805925
4hrv49q3vwwsmvwrv4wqs46c,20.566169653745686,1.0650351202132566,0.06712155323495902,946.4215587145662
4qrh4wh9vchvmv4qrmwq449q,23.705518049901045,0.006737946999085467,0.05445325782660512,844.8858973949017
49rl436zc5vv9msh3c4q34wh,14.162988779060225,0.8945483603746232,0.0644623536409839,899.1507227720776
44r54zts4z5wswl6s34qs4q5,13.062533263421601,0.006737946999085467,0.04549908206314565,703.9905421650199
szrv6st6zrvcc543lm349ltq,10.510290249801283,0.006737946999085467,0.04397050689591587,593.5835970533424
4srs4msch5lmll463rlqh4cs,14.328480222431768,1.048571267046911,0.07119169052459234,904.2398511404431
55tm4vwc6hwchq5czzcc5c4m,9.038955418280203,0.7899784353324594,0.07180062188546027,968.5950966705402
zst4wwtmm69rc4l5thww6vrh,11.699871619935035,0.9725762324124942,0.06180515918012009,866.1223719557868
99t39rhwq4rm569995hrq6sw,13.5180070790647,0.2798904610931852,0.04667820471070211,634.5079680732067
43rq4lm4m54zwlrcz3wqt43t,10.941864775916674,0.9472773568241326,0.07359133377952032,954.7375353156075
qcr4qhhmz5m5r5vhrwssss4w,16.765754990911766,1.65827700571272,0.07494204207360142,1019.9558645213428
zctt4r36mszzrq93954sr996,0.7809013876484323,0.1156228766589312,0.03740003380186797,609.7704580715829
4hr3qwwmmrwwzvczs4v3l4ms,5.161471470165686,0.006737946999085467,0.06050951821552321,883.5274780332688
4wrvq9t6shcc5rt5rsz664hv,5.026616810336324,0.006737946999085467,0.0577241264121548,617.7974294930239
43rwqz6crv9zlvz366qw34qt,13.461305010943306,0.7124589141686993,0.06459940708662387,896.6127670198823
rct36q9m5clsz44ql6zmtw4w,19.679256736894228,1.6290369785966172,0.0703820877118754,915.1852108471601
4qtvr9ht35659q9t9m6wl4cz,22.07637912305207,1.6029196788268845,0.059429919601305045,962.2317640651873
4wr64rqc6mcmcvh6wl6qz4ms,12.16105123727493,0.6912849405430428,0.05135553084267994,670.7184276487492
4qrr4zhs4qs6l5s4mmwv44qw,7.6337192925970925,0.006737946999085467,0.054625435366585255,730.6467464546683
c9tc49tc95mm3646vwvshv3l,12.734594747194532,0.23829927950543545,0.05424340130894459,806.4852752158038
mttsstqm5m6t54tzq4htmt65,12.1069693106917,1.217266174654137,0.08506171823051359,987.985391485865
w5th5h9wsmmlz6h4mmhqql93,3.7232190248343526,0.1389744849813982,0.05750850288042314,647.9325115374205
4vt5s9h9q9sqrql3srh9tcmw,14.831026523916147,1.3047372083393003,0.10280397627833449,1083.277622876663
sqrl4hv59hz665wmrtcccwcq,12.807455028944172,0.7824192739647624,0.06357408005392357,899.3078437240362
4mrt469whrltrlvr9m6qc4lt,9.052801834513883,0.2779340660192297,0.07119904543283061,846.9695845736342
4trllt3w4w65hzq4554zltsq,12.935723469547533,0.7532759107800892,0.06329277356731697,784.1722313427845
46rz4vr6rw9wmlz34vtqr4w4,15.727087569085647,0.1525424628432681,0.06339958897081402,787.6483500471481
zvthqz334693v6thmr65czrw,11.880094310088477,0.4947910823052295,0.06539241816428892,913.6159127235942
4rtvmzwccrm64h5t4r3354l5,9.304540104857008,0.006737946999085467,0.06251838455706747,866.0133610995823
6crh5lml454vrzwct46tct6l,1.6351208722368522,0.006737946999085467,0.045036264820560404,707.9209583202444
qqrlsh4l445mczw549wtstqv,1.0552327269304882,0.1393906783113809,0.05774448787969534,833.4928533615994
wvr5tq34zt9qvc39s3hrqlcz,5.752355603694907,0.006737946999085467,0.04745983913476773,651.0491330907334
qvrvsrt63zc3hzhmq56mtrvs,11.129376502183845,0.3843777886755538,0.08044349796777521,889.1496780989727
95twhlwrmqc556s3rt9mztll,14.478879622150568,0.006737946999085467,0.04934228804513288,758.7236682333935
m9tqhhrw6crs56t5s3vv3lh4,3.0756798670563636,0.07645595392394008,0.06360677376795565,654.2488635159629
44rt4l33lq5vqvwrvshq94qw,10.90898030286589,0.8034054780808741,0.04588613479324884,695.2597665112864
59tt6cv6cws956v35v4999c9,10.625483053076483,0.006737946999085467,0.06579896007279097,819.011107275057
4zrw45wzhhczs3rwq33qm4q4,18.350078619470544,1.2002155586241101,0.05004251151944174,861.2668143577238
cqttclqrl6vmw6qzqs5c6cwt,1.1393762536368761,0.24178451030580034,0.0593319070437838,703.9448727234944
44rz43qtqczwc5t6q53mh4t6,13.394260749485007,0.006737946999085467,0.0648865186081738,819.818120117129
4lrqqlzvm6crwv64ls9t54h9,14.823390829134901,0.7753209194131916,0.07979710554777766,971.5191165356662
w3rzhmz5wqlszcz4v3564z4q,2.353481541439333,0.16508192835031843,0.046690901836372735,538.9473564050598
4vt44wrhsl5c94r9c46m44w6,10.822304488785173,0.2427921706410902,0.0585565487434314,757.2419987475728
9ttqrrtwhr554446qrrvrthr,15.741716256750932,1.4037816304599704,0.07428633316504799,941.5863934618079
3htqttqw6vh9hqw6m6vhcqr9,12.266002319081023,0.8418734900478142,0.06380038012055703,791.5286084429721
9mth6hcmms554h4lmwh66chh,1.354460483624659,0.2559990982590953,0.04755756921931646,635.5065480579223
4trl9s4rrhzcz56vvzt6tqw6,3.7212676002957394,0.08776273299148793,0.07111073748357045,867.7581041190887
9vrzllwvl5w9r53h69zlsvss,13.019699707171108,0.060496193241642106,0.06381853782001205,856.9839324462927
36rl5t5h5l3s659t6s9wth33,4.330331006327732,0.13802458491143416,0.04739591734886534,617.2573341613964
4qrqqtzwmv65qc54lhs3z4lr,1.117395723269519,0.042496098214910655,0.0358580246162723,530.2675549664112
vvtlls4qh35556v5zmq4vmcc,19.76714179491014,1.9845717118831527,0.06233791986243464,969.069522076187
49r64w5r69rlhvc5l3wq346l,0.6899285425414966,0.07969554783918943,0.04737682103114204,624.9338098454251
4hrc4hctz949v34w5lsqr4h3,11.1492703095845,0.16900592626213087,0.05888276203675154,744.8249494008373
h5rsvsrhs9hr3zhtwvv6vqsl,22.691478035508634,1.3253583710673082,0.05720637256142931,954.8772103376515
46rs4sh6svlrrmm44z9q649w,11.921862888378884,1.1523450123098145,0.06159027410508437,865.9958216793954
43rcqmml6rvslcrz5h6st4tr,1.100075277974246,0.11229628885756648,0.05011066134747179,766.2366680097888
4qrh4lz5lmslztsmqsztm4vt,15.042184750434775,0.006737946999085467,0.05635555413573155,721.3168258023197
4lrt4zl5w9s56zswl6ssc469,14.144798946255904,0.9948871882541603,0.06334775932942494,862.095303389464
4vrv44tq3q6c636lhcqq44vw,2.100838693591321,0.15251709501045124,0.036713792375487456,516.3416208498979
q6rrscscmhsz55wlwl3wzs6w,7.68353255140724,0.0067379469990854705,0.04040813080866641,566.9384673710432
5ltmc5qz965m56z3h656v3wq,18.287959405360965,1.2176818569638275,0.07348949403719945,890.8218543506099
vqtr33tzh9swz4zzqszm6zwh,10.902170634271558,0.5508663087522114,0.07140933168863237,821.6393030772152
4cr44qvs43twrv4lh4mqz44m,7.247525499307013,0.006737946999085467,0.06576975998268025,722.0794808113643
6trvccqwq45cr5l4t65lltq3,4.065242227186313,0.006737946999085467,0.04710977502131829,684.0695959214603
qcrcz3qvztrv3zstsr5czw43,11.92925972796847,0.9997494972523249,0.07212589080146553,948.4800995583585
vwtssqtrwqwlc6m9tvq356vw,1.9206789001966995,0.006737946999085467,0.05190003377456709,727.9806506153575
3zttqhtlrcq636mqw4cm3tm5,13.82531433704893,0.8542128045161672,0.06875904033497182,850.911987568984
4rrhhchw4ll34zm5mz3tq53w,16.719798112848363,1.2324354406861757,0.07777895014806815,903.2333375595667
6st5tr5qqw596q4c6v5ztsmh,9.263150570121407,0.151361435017785,0.05584977965646946,682.6873674011159
4hr34qm356w563wlh4vqz4h4,0.678566377671226,0.17467973221418653,0.04167359307244961,709.9060487350205
3qtvmt6tch9rrqvlrhslt5v9,20.832673157314673,0.9265307106671604,0.06342889526889382,930.5266522808784
44rl4chzc4h9z5tv9m5m54lt,14.298030216898766,0.006737946999085467,0.06716388322418679,859.4757087822517
vvtqrhzmqrv35665sm5lc44z,0.6734019910143195,0.119242173154773,0.034966299631899234,500.24179474903025
4qr54wtr495r9cqmhm4qs44r,15.623531822684907,0.599807446152685,0.06318451832049289,820.931487884587
4lrm4mqv5czl6wz3hm6cl453,1.6927938177402075,0.006737946999085467,0.03920804676441175,477.67533825594097
vvth36wmw4rv346hh4lwrs35,14.028802992444444,1.073375415692829,0.06772880146464144,927.8454785263056
qwr9999slq63tzqzztmzzhwz,9.250832194034004,1.1016888369562863,0.08206670134303118,983.1698002468765
96t9cs49v59z36qrmmhq3lz9,5.8889754311117235,0.006737946999085467,0.04352622714605293,519.5020811195335
w3tq4qsll9h4v65m55hcv6mz,10.449996137269316,0.5807042498992179,0.08936318028405998,1021.5181925203603
4lrv49cq333rmlqvhcwqv4wv,9.4074761174573,0.9251268934199297,0.05531692112362194,764.957265218046
rhtwhq6lv5r6c666hq5v4wql,22.509523528295077,0.8913094250286056,0.07386722614153314,933.4934708090001
tstqlt66mtv536mvcszslmsl,0.7013228985180822,0.3978659115106606,0.06878942368447456,708.0342516455081
46rmw64l6c5cwzh3htmqhw6m,9.679430386440647,0.006737946999085467,0.057761375563811085,755.7286180365127
4lr34mw936t9wwcqvh4qs45r,13.551919363126594,0.6140308960719748,0.07944186942762346,945.8659859517048
9rt9lmh6csv6364m4mrhzhtr,0.7489470425125415,0.46163254927623365,0.07011999649970113,693.966866645955
s5tzw343vltwrqm33953m639,12.224874602635868,0.96533842456067,0.075571573422801,980.0544968313304
4wr44mq5hzc44z66ws93zwws,13.543552615822032,0.5926319431592282,0.08056150068231493,922.1157880983355
6ht6sw4wzsqw6q3t45lcc54w,17.08409176678864,1.2992457856779769,0.051775234489365295,727.3441627007122
w5tr6c53h9llc4mlqv3tvcsq,23.85892769099648,0.2880503994834257,0.05108760456833941,617.8067643764856
rmrzsw3v5693654c56lcqw5m,0.8103844461377405,0.14055813617409868,0.03931270139978672,552.0315979250099
96rqlzrt3qt655655vqthq46,15.489328145019643,0.40297059850829514,0.06934191290174803,910.3135568609384
44rl4qwvqtzttlz55qtql4mr,10.752256423428449,1.5638303272700451,0.07768687483100123,1017.863333027466
3htl5zrvt39mz6q53c4vlqtw,6.667211779074382,0.2958702229163527,0.07511737329356341,823.9874129258236
mcttz4c43rv3c6qlhtt39qrt,13.97990103161214,1.2697204372879112,0.05833952152401438,833.3379634773623
4lrw446sv3cvt3lw5cmqc453,14.59054909109036,0.5902866869477508,0.07555748625381886,936.5810140546027
4vrt4vwscrw99vw9tq6qq4q3,12.239854306707802,0.6281961569608199,0.071224059763141,892.8093083240933
4wrr4th9ttcmllmhhlmq546l,13.148131183529255,1.475144816988108,0.07047663198978746,991.8340090839955
4mtzrqsqm5c6r4rcw9lsq554,18.68661989822547,0.6890120197769518,0.055795546196728246,798.5739773645444
qtr9v33qs5ct95r6ctc4thcm,10.542983225125749,0.006737946999085467,0.058891233781243266,701.4574855105591
4hrh4cmr39h3l3q5qlqqr46t,8.805144486696562,0.006737946999085467,0.0581992846855707,650.2017834441648
hzrrmr5wvqtzh55cl3swl43m,1.5139763238503603,0.006737946999085467,0.038301111705904875,511.7439089953241
44rq436t66ws6c9hrm4q644r,15.404116025078217,1.2428246693950662,0.06991508238585986,942.8599479285726
q4rv6q45qs9cmcrq6mqw54zz,15.282690701857693,1.4896579458385157,0.061366695207114935,908.4242476575401
44r94955zh3wvmhs95lq34vv,0.9250833509691451,0.06113438388968096,0.03361530072857394,398.080318218255
q9r6zt9q4mvhs5tqlcstwqtc,9.083531390076164,0.006737946999085467,0.06956396677157503,920.6416692627408
49r5qzlq695ssvhzz639l4zl,11.067366141582571,0.7437632911986948,0.0859248261232193,993.4455086566578
43rm4vqvcrzl5mcq9rzqc4vq,21.758912442201023,0.8560203824691122,0.0643454402956116,904.0242688295647
q3rwz4tmz6ttrzrz534zql5q,11.842722450938094,0.006737946999085467,0.05991609548819288,673.7021961388832
9rtvc56ssclstqsvvcs6r93s,7.12207102238508,0.9641429041429599,0.07340163182013262,891.4569408950209
4zrz4vcsqc4l93rrh3cqc4vc,18.838700151923657,1.6742003032118888,0.06280705987555839,789.4959978722198
wvtcc56zmwwsm65636r665s3,1.0976681497674488,0.006737946999085467,0.04077048513083091,491.43857821755745
3rt4slzss5z9s6qrh563s9t9,0.7504710355524964,0.11575155401349593,0.02964238558408587,403.14861907516297
lmtm9h4qhrqm64czwl53s9zq,3.3938587782584135,0.006737946999085467,0.04356885813891752,546.8217315404236
zqthl6zw9rqtv6qhvvwc3zwr,12.510113691605152,0.6230840357960952,0.06431792577800197,742.1488354094474
9zrlcrs9mzqc6z9tstv35l4t,14.487182686614595,1.3090361973720999,0.06743356193287646,963.143083574916
4srw44zh3vsv3mlvlcvqt463,11.900361011216631,0.13509737561986251,0.06734060677043234,799.6738751207406
4crh4c6l3st5l36ls95qv4m5,14.81442998850341,0.5931442768508937,0.07672053676831053,928.9283362814764
4zr6qlwm4shzmvq646qw4465,3.9202225824710095,0.452798346139354,0.06623978642183476,797.6273872777994
4rrl4lqvqt3lmzrm3rvlm433,18.92758405031048,1.5491069235549864,0.06657234766939824,917.2024967782148
llttlcwvlwt3rqvlt9hlqwz3,2.6629503167170316,0.04536479836359389,0.05543705219493936,606.2066172139887
lhtl6whv3mmvtqws6zwvvwv6,14.97189770466277,1.2151523371981678,0.06039734007462909,892.3441289434422
93tqssmr34wvz44m9c9vz964,3.0070192145841013,0.07780114734906023,0.06045522268628095,742.8928361307088
4trcqqs9rw633vmwlzt6w4tv,7.879147321978838,0.006737946999085467,0.07452396768251768,985.9686391549263
cqtchr9rwc6ms6qm6cm5zscq,5.629191664717215,0.3201069296098251,0.06317608982840779,765.891298058076
thrqhz49mlml39mczc356zt5,1.515489415266019,0.07317302121275959,0.04940242711061163,628.5999419878597
69r44l5qwqhszz9rvlwmmhqz,2.660677190868649,0.2507219018291684,0.05127689211331742,663.5835382093854
r5tmvlqq5swthqc33v4rht9v,11.375077507441176,1.13755059307739,0.06645678950005499,752.5375718482761
9ctscqv3qcz636495cqr3lhr,13.471340739062327,0.8683694762255598,0.058853323163299054,852.1552616932935
4zrl4thcltsrvwmv465qr4sv,13.078917090376864,1.1697307677626427,0.0783055603399003,899.7854075160885
tqrszmtrqqc6vcz9slclt9cc,0.7904665490186189,0.15718792059870518,0.05906170095305567,834.4391292902213
5rtw4zwvs4vzm6hwhz999m5w,11.263451181838622,0.006737946999085467,0.08493095510083565,980.9700146667334
4wrrqltv3qc63cr36ss9t44v,3.3365083355004552,0.11938381220782496,0.06269642816771755,664.3958315464612
4lrv4zz99vmz5t9lzv33l4qq,18.063288750391393,1.9609463965242773,0.06393859363794713,846.6180645801091
hzrwqszw3s3z9z4h4h6tcqr9,11.195740372609013,0.43327306536684107,0.04769822002297771,880.0688268426205
z9tz6q9s9t963696lhh3rlvs,4.06055464207172,0.006737946999085467,0.059286325142451524,592.8357609058583
6crw4c4rllt6q54rvllwrrrr,13.588247202106107,1.3439196829729951,0.06466660880162793,1027.643221322829
5lt4cmz4cl59qhr99w49l63z,14.539415188393413,1.1636319097847294,0.06419515929362449,842.5383274468704
4srtlqs6wv49tzrmqhvw5wr9,9.723472735465236,0.3600384881105593,0.06703001283842622,861.3370566541068
96rh6lv4h464rz9t469mzs63,0.5808822523736441,0.15517858188823092,0.050323236551875865,684.4795291399402
49tlmvwsm59sqhrwlwcq6s9v,0.5127444097013687,0.13739374267128918,0.05068320381286118,557.2595739268515
tct4rmwvl6v4z6th3cqrm9c6,14.506502244892307,1.8068532812049356,0.058577016731464426,927.6021897318517
qmrq63c5qwq5z53l5hm9rtv9,0.650332651894131,0.1069040081056987,0.0348201305558697,572.2206995128156
hhrhtlwvm4qm95mzcllctlv3,10.179572695283882,0.006737946999085467,0.05739035932581679,678.6699246621437
qvttzvs5l9vqc4369q656mht,13.629878798157744,1.242651314157666,0.07203525873144716,915.5977555212338
4rr5qw4tvmmt3cqww3ltm4lq,1.0697364300329086,0.04530961490395517,0.04056824635913842,596.7780251876052
6qt4rqztthctc6qtqs6zhrmc,2.213939082721624,0.11055081221657868,0.05245788444313691,697.705491486115
6rrzwssvrrvt55sv9m5tr35z,0.6467923181481885,0.13704746130154988,0.03313223008007942,417.2641753117291
w5tww6t3chm9rqhlhql5l4z3,15.200974630346163,0.7686212131362057,0.08671555643701209,952.7224261540377
z9t34chll44cv6lcvsl43wwt,12.11745945468048,1.4593880339396954,0.05293700391730756,898.4796684600708
9htm6tmc9mzrhqs9vqv669t6,1.1794027529236162,0.12932475513922392,0.036811040043774376,562.305371282105
99tzcwct5chlrqllsswr36v6,9.701302755046864,0.006737946999085467,0.0802319061773036,989.2285337859709
6ztv6wwvq9wlm65hz69vcr3w,15.759408852735675,0.3622446543443645,0.052993920331518125,770.7495775616369
4hr6qwvshrqw3cczv6twc4t9,18.299930586815243,1.770802382730196,0.06386249003977063,960.3493758899158
zlt66v9mlw9r34lq4rsl6wqh,14.634302451165286,2.0210250116407913,0.06023922428738078,938.3441656684491
4vrc439hh9s3cs9zmhtqz43q,16.26053225571258,1.1424174766987827,0.05996788205247468,888.3104928475401
4vrsqrv5zcss3v4lwh3tc4tl,13.060339169068662,1.0671916726341653,0.06864481652885426,933.317756560078
4lr34ls3h4m3s3m535cq9443,13.973757461338995,0.9005150086786621,0.07251432023634749,946.0781965625785
vltsvcstr4vlv69c35lrhrsz,12.228501362415033,1.1154271765793964,0.06581904094519614,948.496149339401
45rv4h494tm56lw9ll6q54tc,5.8082370641554935,0.006737946999085467,0.06098073954244512,744.8072624137143
4hrh4cwtr96333q5qtsqc4ct,10.991961638428556,0.6197148762713366,0.0692063620303725,901.2486947936158
4tr443sw6qv633c59czqv44q,10.501199599565888,0.3758730092224487,0.06722836121231072,801.7835226447319
qwt4q5mcrc3qw6zhh5tt49mv,7.321918479544038,0.8187096764697652,0.06800742593021533,824.7713228127668
43rl6l36vws3vc9cczc9zv6h,5.29650885287591,0.006737946999085467,0.044423844065790474,708.3503572951397
q6rwrv6r6rtrz5r5tc4sht3z,4.206690916888134,0.006737946999085467,0.05425896747080616,655.2968372037395
wztmw53lqwh4qh54vr5lw63h,20.611442046627126,1.9533664317711579,0.05837994067680963,865.479903651791
c6tvsz3vqmtzl6q5hzlqlvq9,12.832724371434203,0.3503031512767844,0.0679884003212218,962.4215006036738
tct9hzvlsww9l6twll644rm4,0.9288361383193099,0.13378330413221007,0.046663978686643744,625.0553039937249
9sr6wm39rvl5t5whttwzt4z3,14.540709419859205,0.39235160545801256,0.06779642280669529,982.7510971613494
44rcqlz3qzclmtlhtq3qw443,8.08525620865836,0.159221753256717,0.05721191408888371,833.3743293449259
4cthcwrwzl9h94c6q4l4t6mv,11.064322683737993,1.0251397521684045,0.07976934567818275,977.03120851915
m5tv5vlzm4zc566cztml55mt,14.319833557599793,0.40116748866871416,0.0665093242391023,917.4946075414548
4vrh4zqhsh5hswqqsqrq34ll,15.618709227510363,0.956608494474495,0.060227985011732904,827.4571054286962
9ct6zsmrc4th4hcww9999h6c,14.888395130341511,1.0746591786505255,0.062490055269158754,884.8002919887416
cctsqrms9r3t6qql49lc9shw,10.610290223897687,0.6074938185393965,0.05195205086713986,697.7962825513918
4vrlqrs33966tcv49s3ss4v5,10.136788518009876,0.6171640520822249,0.06028130899024356,840.8149395606013
5htq4t4hwrtq9qcrvq9wzlv3,14.370037753648978,0.9923067754633454,0.07015691057942161,908.8789613866575
4srl46vzrhw6tzwtrmqvcml9,3.2630859425990693,0.07273309143849611,0.0448584426339401,694.7474533486153
49rlqrccqvth3cv5rv39z4zl,6.446886386347963,0.19157860533053206,0.05481370155388764,695.4400042608999
4zrm4rrl3tw3qz96htrsl44m,16.062499456644666,1.8017788091772453,0.06728988611476482,890.6302675600134
c6tmlr3swr3h4hrwtc5s9w9w,6.019594585142865,0.04934096482642785,0.05204510424963664,662.5868852937023
rctr4rhc5hll56lswmvlzwrw,12.020323842421504,0.15916760588722953,0.062380411075401085,743.5662775781788
vqtql6sttwwhl4src4qv4t49,14.929901014219194,1.3467941703812711,0.06638389046801284,893.0606308560173
q3tc4hl5sz3tqqr333545zcr,1.570261778957894,0.07542492038741522,0.04634012558906353,559.395698016905
4qrw45m36s6h9mq6v6lqh4rt,11.582897465643775,0.45307759217872823,0.07493077414790122,889.702602867376
4rrwscslsr4slz64r4qvh5lc,1.3985214616501556,0.006737946999085467,0.04315821507121713,689.7526936376763
q9r6m4z69lc9rzcvv4czvv4l,9.140389161487846,0.6075992600117792,0.06633599492095894,828.054389243717
h5rcr3hcm3s3cctcrhvzwvmm,0.7055675808069024,0.14075468738039726,0.032338679242471385,429.08169208085064
33ts3qhtcwvcv653mvwqqttc,1.1859867893186362,0.006737946999085467,0.032022125327003416,548.4050381663368
mztq6sqzrhq9w6hqrhlr6lvc,11.046259960899532,0.6597058292252587,0.05921970773695079,838.7261838174571
4rrm4h9l54tl9mc9ztcqs455,0.5075709133262801,0.1817075588411398,0.040538479838417386,536.4308967005111
rttsv36q9s6444c9m9zqssr4,11.74442212918581,1.2341223667001826,0.06432977474639459,974.3408385574767
4zr54q9v5t3ctc5hrtlql4sl,7.164781836921586,0.006737946999085467,0.04925905474443204,606.5482128029837
44r5qs4v36twrtcl3s4qm46q,16.98093997546564,1.2425570055982536,0.055252385998383696,871.6288158791741
lztrv9w44596hqrc3s53666z,18.00549328625658,1.299985564283675,0.06581466642056359,945.1743249915047
46rw4zhc5hw4qvrlsc9q34m6,15.904328419834027,0.006737946999085467,0.07233887658205246,868.608298043305
qrr4ht3vvvq5wz43sthwl4vv,1.2537047334231115,0.006737946999085467,0.043942732274792874,534.094276519327
twtql996czvq6hhcr6hrs4s4,17.68466079663768,1.2215498332804962,0.05823695215180054,845.6253229145004
z9tr9lmwtl9ztqwv59qsrw6c,0.5279315559456321,1.0629100153758881,0.23609188386799124,1055.8204589749096
44rh464565trztz9s36m94w3,19.992407877183425,1.2556521888711973,0.05761319784037583,930.2839071208246
4lrqq463qc36tc65l39rh4q9,1.9223915338019864,0.006737946999085467,0.030788451319881574,457.90476022147107
9ttwszmrwsllq4rcz9t9wrw9,16.505964777406653,0.006737946999085467,0.04727620165113135,577.7434370007791
69t3zlc9crsc54qzqzrzr69c,10.703113044477028,0.891614683599665,0.06076112356683491,801.9026656452008
l6t3hvh3z39zqq9svq9sm5mv,7.882930102583277,0.4151197123574121,0.06234943023291736,877.8341195671007
cztqt4czl56hm65ws35zz3sr,1.2444294902803086,0.05090735113321887,0.02558806186481152,592.6177290708624
9rt3zmqr4596t4v339m3q3z5,20.93614366938798,0.6874268165574832,0.056719699846641894,848.2308384064735
4tt6zcllr9vlq44hlc3m6scm,1.3342745431390823,0.22161525295530088,0.04590319464664577,582.9927777488766
cttl9tczztq3qh965m9vt6m9,0.5760893293796778,0.12191643059372398,0.05853264442592765,732.1163899089576
qqr9tscllc45z5q36r5rvtqm,12.784077161564056,0.006737946999085467,0.05959234639535556,799.9378228854368
4vrw4z4swhw46vrlshhqc4ch,13.422291582665068,1.4316992448900234,0.07086876366626431,927.9869840977503
trts33srcw4z9q45sz63shls,0.9537353676163178,0.2319297198604207,0.05327035365763021,741.8615274666315
4zrwqqm6rtm355w4mvr56z69,8.662985243972269,0.44063536403970727,0.07178913868968434,843.975530412736
m6tlq55m6vhhqh9cmtqclm3c,20.00205666782466,1.5210166337374327,0.06946483555933537,1040.4213064558478
rztvsrll3cztm4rzsz65lvcc,16.232229218796462,1.4923946700201203,0.06673577361039362,887.6398484836852
3ttw45s3qvmcm6lhvcrcsc6w,0.7581537465773776,0.1677122060116947,0.04328961202495573,706.0872964294019
4lrm4543srss53l5c4cqw4v4,15.617179053212773,0.510315671169641,0.08082191981402281,917.4844172373314
srts3qzhqvshqq66q35l3wsv,13.086151649291342,0.006737946999085467,0.05163344631140922,711.604503046106
4tr34c4q9wl35wsvcq3q5464,13.361130452624662,1.1243804419062324,0.06463428511445413,915.9789953547175
4vt64rh649thm6s96c4hzlrv,11.283503798912996,1.1489486054709752,0.07110597362189996,935.3613449947104
4wrm4vsh35c4vt6vvv5t64ws,1.6279255041226186,0.08040139738823865,0.042346153182953664,818.0237543567655
slt9sllscwcsc45l94z65tv5,12.912257065035352,0.006737946999085467,0.05101062956889395,660.0695782914613
4srt5vl4zqzms5tz3mcw5twq,11.505357300950884,0.006737946999085467,0.04684322031767726,645.4851792722498
q3rs6w3tr4tw35tc6h93vvcz,15.35327657875535,1.0419375933128832,0.07025266165551061,995.437251761042
4rr444wt5446swqtqmrqz49h,0.9560158980362211,0.22947911978784186,0.05120555372670718,646.2671941346396
lht59vml53stl6t9356zzlz5,12.027596331568576,1.2676233295343369,0.06867731808476707,936.0992685118442
4vt3hh4tvlzmv4m4lwl34s94,12.28545196781543,0.5931943205908826,0.07340027168781392,936.1893890628274
6hr65llm5rccmz45wwsrwrqv,15.401234109652309,0.4185981735165435,0.052108228017818864,855.4346144141423
zht9rwvr3zlcz6q5lsmcrzrv,9.037338286324594,0.5190837789324476,0.07046306029797952,925.4712074226403
4rr5qhrlcz64wvv5m9s9h4vs,9.18714982445933,0.13164525975499275,0.07939096089337243,933.121744178993
4qr9lm6t3s46rz5z43q4qr49,12.766729091449943,0.3754560954223324,0.05824240373381194,711.0399505457677
vttlvmzzl5zw3643tls54hr4,7.723228385864092,0.5383894234961503,0.07274645460743098,873.281648923957
hvtc994r6wcwz46s5vsvmwtm,9.987615858075767,0.006737946999085467,0.04489055762241943,734.2325010626213
4zrc4646c3q4tm35lq3qz4tr,15.787031614880132,1.659481338183952,0.06741354318814341,974.0194268014204
46rc4zl46v35sch6s3vqv49l,1.6452766030806938,0.19712670623488288,0.03758416972150591,512.3001339113474
46rr4hmrzlvvwswrc9zqc4sl,15.543320555670995,1.6660611690190084,0.05671755054607128,816.5310129909676
mvtvv9lh6whmz6434mwq9vml,0.5410676851696504,0.7053215462300475,0.10742504967727581,949.7582075299006
6crcmzzr4r3zh5trl3vchzzq,8.730580121778655,0.12303664169666766,0.06150097456683632,713.2277364478554
9wrv3lhr9vc64z6q6vmhch5r,17.26200795999474,1.2017563508964728,0.06603927088755919,902.8767082698165
c3t494tlr39c4hws6hsmhvhh,2.1226519177908987,0.006737946999085467,0.04183080069615015,530.3464521245443
crtm9ss64cl64qcmq4zr9z49,13.416404314803714,1.1383631812715826,0.061772521315052675,950.1703077894649
4vrlww3cr9vlw5ltv3w4smrv,18.954906419687397,1.1609657993245794,0.06336018814625843,909.8516730553488
99r9hw9r95tm5c3c959z953m,17.43868991808781,1.4627687989663816,0.06121113390004469,970.7616162992239
4sr94hrv9mzvstchhr4c4465,23.12328724851995,0.006737946999085467,0.06374523489884187,710.2069763563925
69t9trc3cwqz36lltw3q4hcw,0.9646418276884503,0.2612873850675941,0.05718745112350185,744.4912288253449
4hrtq36t6shvscs9tm5s44wh,0.789402299569775,0.10363172694555292,0.025740412181623797,473.95665931444654
qwtstzrvz4rsh4lw6s9vsv4s,0.8604130318885357,0.2866762529033655,0.06425648004787136,781.6483429046723
49r5q9v95th93c3hmchrc4lh,0.8858395901247007,0.12038639653585642,0.04105736937983244,629.5370105945854
4hrh4wc3rql56vz3969q54mw,11.888714240554341,0.11334575217345987,0.07292445902906852,916.1136033104628
rcrvrzh6ll3lmrmcz6zmh63s,0.7288745883433463,0.40430487706793317,0.08170891830696396,892.38988448782
hcrm4s3rtv5l65scvvm6r4cz,15.810148400281115,1.2874380719287128,0.06584795257609671,938.7058443049476
4lt3zst5rh9lv65qch5c9twc,0.526723535916257,0.1348288898315233,0.058288400659571374,662.6184608526451
sst4mth6t9lwqqqqwqwc9c69,13.271584483118112,0.9246149863516928,0.07595390926442347,894.4258278653497
qvtqz5z6mtt3wqt6z6lw3hmw,16.127349101305825,1.1847586020373724,0.06702714121336953,960.0226229829334
4qrs4456w3ccs3m44m5qv4vv,18.53509790459946,1.350541320131756,0.057819830172121056,877.5955468598158
zqts4rqmw9lz94smmvt95cll,8.32868235483057,1.5870653334769655,0.07200226583981849,923.3989258879384
4mrt4q4w56zm334qs5hqw4lz,12.277499934926428,0.4261872925437955,0.06063071895454662,804.165282069122
4rtv9wt539tsqhml9m9t5l5c,1.088337631182703,0.25191938467479547,0.049434978260538186,601.8139203567404
wcr4sv9qlvm4vzsl9hqzm6rw,17.73984288402459,1.3832658006959737,0.055437722971782004,827.8576883122986
3ttzcctzwww6qh5m4h3r3s5z,13.763857882311775,0.006737946999085467,0.06065318205101106,884.7975582388383
l4t5c46w6wh6s6vqll3lvvmw,0.27159256556369993,1.006390688171555,0.18484343541331852,754.4376209489561
qqt56mr95vhcqh34cstc9vvq,13.6672105429823,1.4399674430373999,0.06186102646906598,858.7099783130737
hlrlhcq34wvqqzhm94334t5w,11.340352814104785,0.006737946999085467,0.06519137907851769,937.5288667776503
cmth6hw5l3srqhqts3ltlzrq,16.486259962322457,0.702740713686562,0.06833543019925997,870.6804692738051
99tvrzs69l3ls669s6tczs5c,0.5706267542680175,0.18140627609732815,0.04484928024701827,729.8251198135704
q3rcwlwth6tvv594rczrw6lm,0.6264259061356235,0.17314756085290184,0.03981234199255702,514.316199110069
qstcht3c36zvh49zrqmc64q4,1.7888678274546037,0.042153002491275154,0.04099935735164789,528.7424178783875
4mr64h5czv54wmztmvlqc4zr,11.305368739026639,1.1892485725048065,0.05579194750935902,786.148437570334
4zrt4cc4c46qv3rvr4sq4446,8.90599653227175,0.0067379469990854705,0.059323157751765346,789.1357864165029
4ht6rcr9455ww6wr5lv46mt5,11.42412047355078,0.14392783618118377,0.10533294165106047,1104.2052316687507
49r64slcz9vz4s3h339qm4c5,15.262258896181446,0.6785630572866019,0.07229207799879966,960.1903939490304
4sr54s5wrh4hh3v4r93ql4r5,18.80145364691052,1.0030903297922578,0.05957135154786525,836.4097403823841
tmt9l6l39s4wqhwzl3t55mvz,10.050979744452098,0.006737946999085467,0.06035277107848096,780.0611002805441
69tt3twmmrsl6h6t3s4lzs9s,10.769077813524984,0.09048046179092448,0.06754326001465154,881.9799956561709
vrtcsmvszrq4v6twwtc6lw54,0.6462315116763151,0.25675262871217963,0.043107662843853096,673.4765368101398
4vrzqzhv695q6cq3hzhsw43s,1.5811227055907557,0.006737946999085467,0.04785267343682874,618.4647420593836
qrtlqs5mlw4q4h6t4tzhzm33,13.921805795743282,0.006737946999085467,0.06164938843079438,920.7749626470143
4srszqvv9r33c596qt3mzc56,13.466969702811785,1.3932762687511613,0.05365778943489802,802.3559793313445
vhtq4936cz6tm6v4sh3l33sz,7.768302961640284,0.006737946999085467,0.07261187888486768,987.7935569996862
4vr34w3hvt3z6vttssvql495,6.6034826867958865,0.14543341535978002,0.04589863339778421,651.516345983755
4srv4c6clrqsqzlhrwqlv4rz,0.7742461158181482,0.13663054097191638,0.03259452191989903,478.06869042170666
43rc4lw9w9wv35lr4qz3vwsw,4.436419873771742,0.1965835556387086,0.04317657062111714,560.7779856996543
s3rr5qm9rh4vs5r4mq3zrsh5,0.9877897133456028,0.17893513826863733,0.046850118763415396,663.5815231739099
qhthw4z6w5m6m6cmlhwqmrhv,14.509271885919704,0.6717452340317347,0.06214872910185186,730.6552719442409
h6tsmmm3rtclqhw9qtc4rt93,13.814059252001403,1.4095620756338858,0.04963745075888257,738.4090817209865
h4twmttvqvt6945hz33zrm4m,20.944712941454455,1.5857746014488905,0.05503242588268377,915.7354092358744
4lrm465wmslzsvwqq5lq64mq,12.998257941364596,0.9954748480974406,0.06586178067549553,953.7466018411291
4ztlm44c3t9z56qqthlvrwzr,16.20625927737618,2.1092608803384865,0.051888478442123395,873.2241039929288
r4t3lwlrhlt9w66s6sv46h39,17.292452227740327,1.3499580754297242,0.04983379123455235,705.03944868079
4qrt4m35qvvwzv9mhlvqh4s6,11.01836298104713,0.006737946999085467,0.047317100737545914,744.7241713428798
qlttc96t4656t4c549hv464h,0.951526344685156,0.2369080748560519,0.04506212317204501,652.0657758938968
4srlhmtvwvmm65vvrwsrrm9l,21.568329112958107,1.659233569400521,0.07093783200342305,1009.4606337930283
w6rcqhwqccwmcchlhsv3qv9m,14.923293297778645,1.2102981307800715,0.05681371701462304,897.8286286982545
43t3wllrrc4l4h53hh5ltzr3,10.428494426872264,0.006737946999085467,0.05349308258043101,731.4847201426803
wct5zwq4l6wmqh5vz6q44r3t,0.6993884536841608,0.14502406141008883,0.03725689634248097,531.617363946233
tmtvsrll56shw4qwz96swcsw,14.883258412931976,0.7245957236498581,0.0654575565336099,803.1991359992464
5hth5w55wmzrv6qmtzz5h96v,24.32926234412856,2.0799837872700575,0.06085338849526718,882.9087196890201
4qrc4lvmtl3z5lr53l5q94ts,17.9900378266547,1.4507177245318075,0.06376412545236868,878.5751321907064
wlt35w3lz66rh4qrzm9t65sq,13.05161594780047,0.15505984063984846,0.07516197833624436,842.1963506064965
wwt5t45zt5qt4q54vs9msc9h,1.2707272575483644,0.06078722940165801,0.02713586052925225,422.2660273918775
6mrs3m4wmwc4c56z4zwhl3th,13.983768118655814,1.0298119368312229,0.06394374602910834,911.8330069120873
cqt993zr6l5mv69sl95c45qz,7.449641970477609,0.03412590431955465,0.04991993793593727,649.9148095043037
4trh44l59vtw9l9m9v5q34t3,21.803591685463473,1.0566640078391822,0.05131101107789459,914.7160026074737
shtmr5cvtlcml6hmwtvw4q5w,11.268748038292724,0.6269505129908315,0.06353405125484708,915.5435607543684
hwrm3m4tt6hzcc495hmthr9l,11.508879045746825,0.006737946999085467,0.057977610379236294,830.8223520904628
4hr9435wrmtr9cmh6rsq649l,0.5923069304051605,0.12504277591605706,0.0318941105218067,394.1682684678473
