Participant,l_fit,beta,tau,NLL,AIC
44r44zmrtvl59ml3llcql4w4,19.753202322904013,1.4083979578152226,0.06907142330129912,966.5001245834158,1939.0002491668315
sstr63rwvsmz36hmqs6hzzvs,11.61620592667698,0.006822944481492375,0.06889464386583175,816.7216200997501,1639.4432401995002
4qrwq53mslq4cr4vsrt6946c,8.028380744448935,0.006737946999085467,0.05628966949184951,555.4594605773777,1116.9189211547555
43rzq63t93hsl5ccc9369s5z,14.206327268231405,0.006737946999085467,0.07121411223449242,954.0899083775109,1914.1798167550219
6mtzhvrqrcs3rq3vhhrr5c43,14.83351841041642,0.6477782222605528,0.06737829027814426,940.3511482901883,1886.7022965803767
tstr6t4hc5s3z6r4vmhz366q,0.95001592319847,0.1191295961162615,0.04301647555131287,495.26057149303006,996.5211429860601
5ctz9lwc6rt9c64rztwr6rzm,12.501246350490419,0.3071313748429194,0.06571819608442821,982.420857026164,1970.841714052328
4zr94h9h9369rmm6h6lq349v,0.8744911526491694,0.056913662038215455,0.03598433161253978,456.22306478731576,918.4461295746315
4wrzqq5v5hthcvw6q933l4lm,17.267416586408768,0.006737946999085467,0.0617558760821415,988.6028339362764,1983.2056678725528
w6t369hrcqztq4994tvhmmzr,1.0907169323029375,0.029805501147988696,0.042221890338649766,561.822512361305,1129.64502472261
4qrs4qcwwtz9qchr33lqz43h,19.112450522517722,1.2650640376981102,0.05982655477525656,929.1741772749747,1864.3483545499494
4rrm4tcchtl49z3w3z63h4v6,1.1692575522472,0.11830233346710081,0.04468080046337351,645.4675323884283,1296.9350647768565
46r64hhtvsz9rmrscrcqz4vv,2.1202162458347256,0.14793333316723284,0.05774853790796377,577.9488222033688,1161.8976444067375
mvtr3v5q95zl6qlv4ws93tcs,20.454063283705253,1.9521968630782465,0.06642379902911255,879.7281606715712,1765.4563213431425
4ztz9cwlhttm9qqh4tmvwc5h,23.08933289241748,1.3280558956185284,0.060640715996028174,881.2582466526824,1768.5164933053647
lzrhwclcm4mlvc9lmvlwswht,15.77556705857687,0.5655723174483075,0.07185831649651275,951.9521908815788,1909.9043817631575
4tr9q9qmszw33vhmv33t54w4,26.93867241220618,1.632008688644316,0.06227520964058082,977.0621945470297,1960.1243890940593
qht6z65mss65t4rmq9llszth,22.00605033019179,0.5071053000197763,0.0650559736763408,716.0428805212204,1438.0857610424407
44r54szvvth99l4mt4qqt4qw,0.4200866141663971,0.4365095951431045,0.11017567677179385,943.8033989281646,1893.6067978563292
4sr34wwcvzvr33l9t4vq64l4,11.64737447870245,0.5549541927612418,0.06616088643925731,839.8427513162501,1685.6855026325002
4wr6365m5ztv35vswq3436ws,18.35303761777986,1.4897358342271183,0.06366381457882611,907.3809731837667,1820.7619463675335
4wrz49rt3wv4qvm36r5q649z,2.5069688296616146,0.07571711753445598,0.05708272086226347,791.603841721251,1589.207683442502
6vrm99wzvh35rzsrvwwtrczt,5.915712788899337,0.2460935253942518,0.05663763839930795,703.1127622008021,1412.2255244016042
vqtlrhrrsr53m4m45mrmr9m9,22.59347103165105,0.5462364026315141,0.049844245989651634,840.4699437646348,1686.9398875292695
4trzqwcv6649tczrrlq3l466,15.664587628745686,0.7317227166956883,0.057740742430623423,881.7612370251411,1769.5224740502822
49r64m9sqmlc9t5wq69tq463,12.73844566804327,0.5845732306243475,0.0695120335926993,939.6956254636075,1885.391250927215
9wtlzmtvw495v6cc6c5r4s44,9.878163711306057,0.08591263941876195,0.049546160896606614,716.5800290661296,1439.160058132259
qzr5q3z6vsvwl5m9z34zz3hw,13.324351702956927,0.13451253503700628,0.05665670535197813,780.0000282481215,1566.000056496243
4zrzqhwwszcmlvz4s6lwz4c5,10.444611361907743,0.006737946999085467,0.03565933045038247,591.2544584830624,1188.5089169661248
vhtq5zchhvrm3664zr3hc65m,5.747259967249743,0.2736769663545049,0.05808853497504263,757.9042357296842,1521.8084714593683
45r94sc4rsvlt3hhqs4q345m,0.7762171639519204,0.039845529237077265,0.015379337872998586,211.57778006053132,429.15556012106265
4crr4qcqz5vrls4vrqwqh4ms,16.522788449992184,0.5712250758171855,0.06845541930924706,928.4010392731028,1862.8020785462056
4wr3qqvq3w95wcc9t9wlw4c6,22.364431086964096,1.3652206578595045,0.05243432272165291,843.8191430132385,1693.638286026477
clt4966zmmz654t3l93l4sw9,2.24217523890732,0.04506878226160144,0.05958863683813273,757.9140348049449,1521.8280696098898
99tqcvrwlszs949zhlrcmvmr,3.3694701780459204,0.14922578750033072,0.04900906007811987,667.3919560444007,1340.7839120888013
4rr9qh39lwrvlvwm654r54w9,1.3719266434072561,0.15285919828383226,0.0501268918030382,627.3351726486189,1260.6703452972379
cct6cllh9wtqm6t54r6cw3qr,1.5334272868535717,0.08687986513164761,0.043129397554757185,599.4613620665657,1204.9227241331314
t5tt6vltm3939qtmv3qmvw49,0.6610120844842731,0.0626264077100156,0.02962835976040338,362.46055063202124,730.9211012640425
33tm3r9vwlrzs4mzrrvhcqsz,22.017869897133313,1.487182214321599,0.0706271789097975,964.9575238707215,1935.915047741443
4crcq3h3zslclv6qwmz6s453,11.773269973180565,0.006737946999085467,0.05175596215332469,686.883615688001,1379.767231376002
4crrtql9ctwwz5cwzvs3c5ql,6.785884165801765,0.05405987393046498,0.06846308035824789,868.0993933398449,1742.1987866796899
64rqchzrzww3m5hs495l3qzs,21.823270508708674,1.5660821981296897,0.04733360711883369,800.9301724610401,1607.8603449220802
4hr44lch6vl5hmm9vm5ql4c3,12.743096357686717,0.6202645156404911,0.0627579546422427,899.7071916845123,1805.4143833690246
z3t64h494tq9r4mz3vl434v6,8.838020719360554,0.7267243050084828,0.06976362174108303,905.5657849129386,1817.1315698258772
4qr34shqmq5m43m6wh9qs45c,17.236938366961887,0.7578061006473894,0.06541283365427791,961.4732023567109,1928.9464047134218
4vrt4t9z9htr9lrhtmvq544c,16.682202306081713,0.8071731502718719,0.06699425182778582,890.5096347927536,1787.0192695855071
69thlzq3366qhql653rwrzqs,13.431907969147975,0.9851336149745357,0.06099861046662863,903.0914488869917,1812.1828977739833
hrthcltvhqlcm6mvc4w63tq9,23.188932285228795,0.8316253251581872,0.04953945719411491,842.0763991500928,1690.1527983001856
46r34h9tqw9vrshhw96qc4zr,3.4273020006300925,0.08224123147101049,0.045274225756707906,664.6570045609145,1335.314009121829
66tmzww45vw9c4h39c4r6rq6,8.279392215027446,0.006737946999085467,0.0625526716207794,855.5482619570677,1717.0965239141353
4crs4vmc4h55qvqmls4qh453,15.560725432553587,0.006737946999085467,0.04766114987020878,707.1491520915092,1420.2983041830184
cvt4th9vcshr6q559w46z46l,10.131764087629106,0.7879364195413635,0.0648595942408724,921.523802142306,1849.047604284612
qsrrv9r399hl655wqmshwc4v,11.55783639631893,0.9187765691771905,0.06742716159296172,883.1348221750125,1772.269644350025
hqt4zv39rr49qhvz6lqwtmqh,2.2121487962118094,0.14393964422434494,0.062778121138065,678.7887114824374,1363.5774229648748
cqtr9mqwmqrqqhr45z6qtqw4,11.935532477557583,0.9320809076608648,0.06290794247072452,841.0508152422192,1688.1016304844384
twtv6434qrh3z6ql5m4h336z,5.966807760068578,0.029854432012504935,0.0628106345170104,815.9629036385988,1637.9258072771977
3ht5m4wcczzcl6z96zwr3tc9,16.188992134633175,0.9418153990098699,0.07238893933401955,985.7536231697248,1977.5072463394497
4wrt49z64cvts3c339cq34hm,12.190799231982353,0.3473940125693925,0.06464161696824541,900.3607399939581,1806.7214799879162
4rr4qr63tqww5vrsqtrwv46s,18.005751392909158,0.2456217249466947,0.06104327660035808,866.8898555335475,1739.779711067095
4lr5qc94z3lrhc9z6rl3s4mr,23.09965654946086,1.5623848550543136,0.05129866645366778,839.8410742073975,1685.682148414795
99tm56rwzr5lqh6z6mscq9h9,0.8381266208076543,0.0596114349495495,0.03686342012523816,504.8676800601014,1015.7353601202028
43rc55sq9l34z5vlrvrwttm4,14.942461676113574,0.9774710083654097,0.05879176060139603,881.2531889243241,1768.5063778486483
wwt4t66hszzzc6qmz3zwv9rm,2.4355217018376933,0.006737946999085467,0.045953952265520445,547.9555182120425,1101.911036424085
h5tzm4r4mwm5rq33q4tvlzzm,16.34426659440453,0.8529111929676406,0.05558506811269236,891.5501259499546,1789.1002518999092
4crr4rvsz6rtr39v3s6qv4sh,25.071311962604675,1.1933709716114715,0.05596999056130364,858.9972272582044,1723.9944545164087
4cr35cv3hm453593w345v9vl,2.150400449044657,0.06156396083093457,0.04351110525494539,618.5388656446606,1243.0777312893213
4trz4wrwrvz5rml3mc4qs4z5,9.571657773962023,0.037500022807563434,0.044648414574249215,642.5694163555352,1291.1388327110703
4mr6q4wzhltzrch3tr5w64h4,7.000853470287511,0.029642225737564303,0.06002848665335053,759.7544336353425,1525.508867270685
4zr445z6zvcssmt9qmzq64mr,0.5691678032006959,0.45373488677229146,0.10095497660701336,902.3156333682668,1810.6312667365337
t3t65tm94r4tz4sqqc4rs65m,8.270568728691758,0.20455065077012924,0.064922853901492,909.777070759531,1825.554141519062
45rc4sz355c3clzl9srqz46t,10.098520396975387,0.21114143519803039,0.06284996151191696,839.9000211323432,1685.8000422646865
54tzz44zm4q5hqwcvtqrttvt,0.3269170481688197,0.3977342095066767,0.0993528359791614,957.3304583877741,1920.6609167755482
s5tw9zrwsrcw36s3hqwrtctl,10.225953695191047,0.006737946999085467,0.04728567328169681,713.8412510893714,1433.6825021787429
rrtss5zs9vmt64hs4vc336hm,13.635135485232993,0.10211915313370115,0.08542234956871186,977.9695132071998,1961.9390264143997
4lr4463vlcz96l5wwt3qq44l,10.795160434112791,0.5965976010710862,0.06674379337915284,816.9278086672106,1639.8556173344211
sctczct35sslc4sr9hll3vcs,11.628905469717463,0.3892922329718337,0.06800273876722421,944.1441744917862,1894.2883489835724
45r54qzzhltztvhwrhmq646m,17.41463972889586,1.2853023892926243,0.0653473654597478,934.9533530432915,1875.906706086583
h4r43mwzz964cc63599z6clq,16.215580737131788,0.7040288377932451,0.061300921020344984,938.8413513073368,1883.6827026146736
q4r34cr6mq3zmcmqmmt5rqmc,1.0379105700899638,0.10607474958036776,0.045661839539982915,645.0504597223661,1296.1009194447322
sqt9h63wz6c6w6s545thmml5,20.713853293181746,0.8022585864631085,0.06129530840773409,864.385599456857,1734.771198913714
q5trh6qlcv3sh4w6whvws9lt,1.698075020275211,0.2002383865888192,0.05773264166652532,754.8077908807139,1515.6155817614278
h6rq4lm53rhrq5m39mhm4rt5,0.8700112291660085,0.06525273445096036,0.033508225348184095,468.8706379725315,943.741275945063
rttlzthh5vlsqh5r3hqmzlmw,6.498028834255647,0.026904784267865602,0.06243113246264913,795.5886373640705,1597.177274728141
56ts943rqw34c6m3hl3zh4lh,16.01856059199842,0.006737946999085467,0.055890626596560966,802.323663720598,1610.647327441196
6ztt3vwh555rqqwt9vstqsmz,22.670385967834008,1.4121236275624196,0.060992318869556306,877.9391424304794,1761.8782848609587
3vtqhqwww6vqhqz4c4zm46lw,1.3230469807494614,0.03335990903351809,0.04143664021976555,488.8568894598194,983.7137789196388
sttm39wmrr9wqqqlvz6srv66,8.131962682200317,0.006737946999085467,0.05102510379515186,734.722612791284,1475.445225582568
m4r649cthqzchz3rmc6zczqz,1.1059534599367509,0.07510732136288356,0.037307434819200125,469.0798009993879,944.1596019987758
z9t4qqr64trmqhr4lwczt4ms,0.7574733622120051,0.14176967596889845,0.04684323869836798,631.9041869487278,1269.8083738974556
qzrmqwl9l5wrv565vt3zc9rl,18.699525888614303,0.8805052724311273,0.058170902395910176,908.8715622523207,1823.7431245046414
shtc6vsrvtc4z6lslcl3lc3c,21.113364210996785,1.219479197184211,0.06701874227168816,961.0486864816198,1928.0973729632396
vstz4lt9thtss6h9cz346z4z,17.643281653241196,0.874642446491736,0.06724334471358431,881.485434385639,1768.970868771278
4mrt46q9stlw6cs6vt3qv44t,0.7828580951515555,0.060955380279939124,0.03251939395868285,364.8054159599164,735.6108319198328
4hrz496cqvc6rlqzr6hq94rz,16.414760467409764,0.12214206465985177,0.061832737243362385,825.814238651825,1657.62847730365
44rh44tmsm4r53rz6mhq6434,13.289057223100492,0.006737946999085467,0.057405617939709074,694.7666650650234,1395.5333301300468
9cr3qc53hwscw5r4wcwqcwqh,10.422396536524083,0.6699083268240624,0.05823993091671456,778.0156694548249,1562.0313389096498
4qr6qmlszmhc9t5wqqh64463,23.850486140654212,2.1657302773931386,0.05787798648301211,913.2750337532967,1832.5500675065935
4mrh4rmqslm99wq5r95t44vm,15.237141962167959,1.1385382317425994,0.08378564973788308,946.4876418092115,1898.975283618423
9zr5w4r3rmwrc5s3vshz4q5z,7.548332164289082,0.5528031058643748,0.06481807925694094,751.1176562392643,1508.2353124785286
m3tqh6zvvch66qchwsz5cmmt,15.45695317249499,0.569098521641384,0.05583110104169205,857.1848520800777,1720.3697041601554
l5t53qmrsc3lm65s54q6q66q,9.678852375836243,0.3134718416306673,0.07797830180717817,937.2483133052846,1880.4966266105691
t9rh99vlhqlhhzmv4q5msqlh,1.0216446380522717,0.07464339945353435,0.0331107132321683,522.7240586510911,1051.4481173021823
vctr4q4t939tz6lczmw6zwv9,1.101281685798456,0.22250361995917556,0.0632844244680908,775.5486977048726,1557.097395409745
trtr6v9z9qwtm6r5q9scch34,23.045811823280552,1.5935083102430532,0.06900621644721745,996.7226583453717,1999.4453166907433
q3t9mwv36z5vc6m6vrml99tq,8.860213059155065,0.31422286087429285,0.0663626237038785,896.0425578955209,1798.0851157910417
cctt45lhtvh6w6whh3twwlml,14.34189546380179,0.5933764364400447,0.0663290276473786,871.0055759633636,1748.0111519267273
v6tcmmm5lzw456mrc4qq4q5v,0.9195308069604593,0.08199094002459921,0.03493214208838767,500.28357623751066,1006.5671524750213
rrt6wq964hstm64qthlr4h64,4.082327608308331,0.06420667709924799,0.058954493846082714,684.02392610889,1374.04785221778
3rtl9lqrw6zh56mmz6q3qzhh,21.220345768868654,1.296584898258263,0.05481572195448016,807.3362027069576,1620.6724054139152
w9t4swlzv46lm6chvhqcc9ql,14.368812557056437,1.6503265818408162,0.05587958405371939,887.560020303945,1781.12004060789
hmt54tvh49mwz6vrmvw54cr4,13.082571926928395,0.006737946999085467,0.0632209882794445,961.2329717602348,1928.4659435204696
sstrt499c99rz635qmcz3qqq,8.538372201420255,0.04122900757952775,0.05594691608464886,744.4961281824404,1494.9922563648809
5ht656h9ml4qc6m4mq349vzq,1.4805770214210177,0.11518650726630061,0.039653957820180635,513.3776201055025,1032.755240211005
4rr963tt39htv5v646r66q4l,10.819850393089036,0.3745588343565781,0.07072173700949916,830.0444583023539,1666.0889166047077
43rz4qv6sc3wh3ttrhcq54m4,9.75070527168673,0.006737946999085467,0.07585356152604952,919.1617090719744,1844.3234181439489
4lrl44rr5m5tvl5hhm4qm46r,19.468591029816466,0.8017917046148648,0.06574769865550928,920.400563470208,1846.801126940416
vttz6rqsv5v6rqqsvzhzst4w,13.00199709692789,0.814491033943805,0.07242792864202671,958.250251999632,1922.500503999264
wltc4vmhzvqth4zlsm5c9ccw,9.608819054765611,0.07450190634679346,0.05539399564161927,669.7940114457286,1345.5880228914573
c6tms9v56h9wqhhm4hw5993c,3.5808072698128113,0.06288564605862422,0.04485646433368776,613.9835953501786,1233.9671907003572
mzthz6rzm53zwqlcvhhl9m6h,12.224754755826073,0.006737946999085467,0.06727588609254706,861.6153112715878,1729.2306225431755
49rw4z6s34zttv44zcsqz4sm,22.162650013083415,1.793926364398774,0.05465542093438263,836.8618890572627,1679.7237781145254
45rq4z5wqh4vsl5cl6zqs45c,14.53422967788173,1.0065341738652283,0.061919948164064154,862.3436004687005,1730.687200937401
4wrh4hmlzrc39vhhmzlqm4cc,11.062762135857005,0.6939713724689758,0.046455016849289245,638.8624844901126,1283.7249689802252
46rlq5h96swtqcrqvls3w4r4,21.570477090654983,0.7761748189216517,0.06881436227098497,914.5348793123694,1835.0697586247388
rvrslztlz3s5z5cz9w4ql4ll,20.45809371135963,0.9850943381910515,0.06490698986469476,873.3084082341252,1752.6168164682504
63t3l39355zhc4mvmvrmc6cz,12.71917245295887,0.006737946999085467,0.06120246744868697,900.9428159231827,1807.8856318463654
c6tz56twrt3hm6rvvtmwv93r,13.089843413348529,0.28354899222681135,0.054948573049971985,713.173219082499,1432.346438164998
6ctr594zhh69v6czcrv4c949,12.173907325059938,0.17864504479402113,0.04053413682180848,620.309236301107,1246.618472602214
hwtm4zl36ctw34rll3zq6wr4,16.568823872214434,1.12409375724698,0.05540681719362275,877.4609646099664,1760.9219292199327
zvtcrhwvttsmz4mhq354c6tt,9.629738962778607,0.006737946999085467,0.055619409997745894,787.8067168254513,1581.6134336509026
rrrcsr6vtwvr653m5zstlqlr,22.45456264641445,0.8270349434127486,0.0584468134489723,923.2626521405869,1852.5253042811737
4ttrlcqvrmrm449ttlzcs5t3,1.976995611609467,0.11439256097579124,0.05955913899990402,789.8095305472472,1585.6190610944943
4htv5t9ttz3vq4zc3swt5h6z,14.629898458639389,1.4628647827575372,0.06585129931706926,960.5301001490641,1927.0602002981282
hsrmcth5t3r4559cz65smmr4,13.051667252455557,0.6685183833847238,0.07068255492285626,1030.9586305369724,2067.9172610739447
56trt5cv6qqll6mtvzvr54zl,0.8140192213371846,0.11518690957698975,0.039559752513830926,434.49068263341667,874.9813652668333
h4rmlsmh4mr5lzz6954tmmhm,1.0324378896981157,0.07388124344756486,0.03920074606244,553.1073204602424,1112.2146409204847
htthz63rctzvtqr5rctswhlq,11.008325378517142,0.60808982022197,0.0648729420443735,938.9201254299193,1883.8402508598385
z3tzzmcwttsvrqctrltzww4q,19.123533075114842,1.186022539727626,0.058213458447928045,795.5100216924264,1597.020043384853
9stq3m4v36tq4hqrvhvchcmv,1.868391433246472,0.006737946999085467,0.03211648481914317,507.76464352478325,1021.5292870495665
4rr64vtmwt9wlw34ww9qr4h9,0.8435318597399167,0.07806427013993371,0.04148007975094998,485.69935777050057,977.3987155410011
44rq43rwqcvr6359mwqqz4r3,1.5047167211716213,0.06790376674649465,0.048522748706713484,618.086204506236,1242.172409012472
qhtv94h59ms4369tv35cmc59,13.787331949279988,1.0953245151856343,0.048624141866698334,632.6404689749547,1271.2809379499095
tmrr5ctq3cczmzhtqq33c5vr,6.164139774332519,0.14617229757304134,0.0473518289801719,532.1702915439329,1070.3405830878658
w9th4svs9l3456mz9lhszc5q,21.50245143185549,0.3507461956574278,0.051341907890158474,860.6178312769007,1727.2356625538014
lctvr6qsmsqtqhw454h996cq,14.051349215373113,1.0002968908615844,0.07229253336513339,896.1060356844441,1798.2120713688882
h5tcqw5lvvtcz69qvvr9mtzv,6.952954903509699,0.11884062656851568,0.05195119633753366,880.6744937230985,1767.348987446197
3ct6l6vmsl9ttql55664mqz6,2.156758377106001,0.07580412251505605,0.04792524592986172,634.8223134772242,1275.6446269544483
4lr5qc9mhhm53vtq9m9wv4c6,11.916441137279804,0.026281001372958714,0.05810949968506182,838.3671047688346,1682.7342095376691
4wr34mvl3qr69l9zsl9qc4sz,24.08353276595183,1.8109688650382891,0.06382801048470227,923.9733664045006,1853.946732809001
wttmzt5t6qvvw49lzcs66vhh,12.413012795205045,0.21762388784602577,0.07246925228681464,918.6132695068743,1843.2265390137486
4zrq4hrc993hsm6mwmcq343c,18.147212914940603,1.1644024383010718,0.061159321191145324,946.9073747392363,1899.8147494784725
4lrc4mhwvsrz9v44tl5qm44w,0.9173278714552824,0.07585571278610584,0.04370247740173264,621.4566101529058,1248.9132203058116
9ht3hv544lr5c4hzwt995h6r,1.7607795167197031,0.09727830765434159,0.042169213398040195,574.0031539846324,1154.0063079692648
z6tmvhrml4qhqhlltt9zstzr,11.654674264460247,0.06016279313535079,0.07047961362858049,1016.1764912250377,2038.3529824500754
64r3zth56ltw6z5v5zc9lv5l,1.572950526461217,0.006737946999085467,0.04591463636158926,715.353693654145,1436.70738730829
4wrw43ctv9zqz3hwl45q449c,10.099626161506656,0.12288362112910425,0.06428097803881265,763.6654849309722,1533.3309698619444
4wrl4mvv5z3hhl4qzq6qh4qt,13.078270386244116,0.4973539352129276,0.07430658992386699,942.3589108280297,1890.7178216560594
4vrc4v9hl6qs6mc54mcql456,7.4068170229530095,0.006737946999085467,0.06495213496633051,745.650683237835,1497.30136647567
whtqqcwhl9tmmqq49m63svvh,13.804366493660066,0.795341422913541,0.08060755737919789,989.030693480544,1984.061386961088
4rr94vtltshvzvz34t5qz49w,3.3746887039677818,0.13842788036488773,0.046875493013599265,579.1805660056013,1164.3611320112027
s5ttcv9wwtzrs4ccrhrsc54l,1.3241383021258433,0.006737946999085467,0.04846386347809835,575.4416252371401,1156.8832504742802
4rr444hrw3lm9vw6t5hqr46v,1.48783289376394,0.1395717653540954,0.058684887026387945,642.8584449671142,1291.7168899342284
6wr4t5rv94q4l5lqv94msmt6,20.42344317792493,1.8517094978647965,0.06619869522266315,1002.1888795805987,2010.3777591611974
tlt6r54m3cw4m6l9w9wwc6zq,1.1218735733867082,0.04556154791183527,0.03382955191757222,552.4472021867725,1110.894404373545
4wrr9z6l5lclw9mcz4tv5qm6,17.263400656252244,1.8030915461587123,0.061271221688237766,885.6784635883694,1777.3569271767387
4vrw4t46s359qm4353rqh4lv,13.817132569139847,0.3494624247851968,0.06765423024696185,929.6869383242902,1865.3738766485803
q5rw56966z6vszsr49wr63rr,2.638840835788737,0.13591264226046673,0.05959088675521858,846.8010857230266,1699.6021714460533
4qrq46wmcqhmlltcszvqh4cm,13.39151713114791,0.5493175748561121,0.07187250860832589,915.4880757489973,1836.9761514979946
4lrm4q3sr49chvcz5z5qc456,14.304619315184038,0.5377487667428862,0.06831094665996379,941.7298225820635,1889.459645164127
lhtrltttmll3c6zv6q6559r4,3.960580476375753,0.006737946999085467,0.05668189846754429,693.3136677405975,1392.627335481195
43r643srz35chvl6tzzqr4rw,1.3224136175412529,0.1415106786299407,0.049203001054356585,648.7967037675323,1303.5934075350647
hqt5m44wlr44l6ss95cl5435,14.660319598316502,1.3871141342598927,0.0775860916187914,1022.2775588855582,2050.5551177711163
36t63vqlh6mcl6zvlt5qmcr4,22.577875144008136,0.9579161608658568,0.05073260516095054,803.9770074788751,1613.9540149577501
tstrhtcchtshv6qq3tlcc449,10.03610543913835,0.006737946999085467,0.05031032211933743,612.0152507686705,1230.030501537341
qst4hvq93rcltqtv5933q4h6,14.772973741834006,0.13958449455827243,0.06670204670395788,955.2165615519413,1916.4331231038825
44r94wl93qhs6mtzwrlqz4qr,0.8846940715490444,0.1146469297890651,0.05665669895399977,600.2763483868562,1206.5526967737123
36trs4h6qqs4v6qw3954crll,1.1026658264081257,0.010459051416385222,0.03003228092742385,378.62069223757555,763.2413844751511
cvts9mzsl6zwrq9399vrsh55,1.230331121956206,0.18626281494776448,0.04576480332026058,579.6044163329221,1165.2088326658443
46rc44mw46w69l6935mq94ts,11.401864905804667,0.9709232065630077,0.06750364035401585,974.7394194287186,1955.4788388574373
4vrm4shlh3rvsmzs5wzql4ww,9.51511627017965,0.36154343997413174,0.052907697060774125,772.7508765408539,1551.5017530817079
l3t6tszw94lv9qq3clhzz6l4,14.567370800634311,0.4933830816764666,0.06205814207902857,760.7182296227066,1527.4364592454133
4mr6qh9vzl53svz5wwztr4c9,13.383176133394162,0.006737946999085467,0.06461060602766625,928.6445784725763,1863.2891569451526
9ztml9vh6s3h54tvw5tl44h5,15.503959715455217,0.5558362910396732,0.07909386428070547,1016.3800159004029,2038.7600318008058
4qr5vs46wz6lqz4vmsl6wc3r,0.7982313020369001,0.10672635571244454,0.03082262083170601,485.79570276320425,977.5914055264085
qrrv935hl3msm5sv9456s436,15.75009222505462,0.8815262168782037,0.05705400044243411,916.4375739657864,1838.8751479315729
httmrrr4srh4564z9qwc66ls,1.0496768065089692,0.06762863920855172,0.03361832174227354,727.1144463208952,1460.2288926417905
hctzc96c4tc9rqs9cls39z34,16.059394387684204,0.6159720787091638,0.06607704430514022,897.8153919064582,1801.6307838129164
4vrc4l9m3l35339tzzmqs4ss,12.823656355701049,1.0331114456484143,0.06638608370574203,892.1258570151606,1790.2517140303212
4qtmrhqhmltt9q3llm56zczr,3.112574017601331,0.026351205500516846,0.05119780127224387,648.8014379749308,1303.6028759498615
h4tz45cv3qrhs6cwmcrh436m,6.354612843843455,0.0072251493632576914,0.04894866243440897,585.8107712960881,1177.6215425921762
sltl6smhmzsll6vh9svcctq9,8.826741859145473,0.22144848566632716,0.05818104415427762,748.1237159562593,1502.2474319125186
46rh44v4z4t93s35l5mq34wl,11.378595908210745,0.3555926540306489,0.0676172380786016,1025.7078949134896,2057.415789826979
lvtzl64w4vvw36sr94hs659v,0.7771058626916739,0.06551577483649113,0.03267536543235271,497.2873287772626,1000.5746575545252
rwt64mhvhmwlr494c6mwzqc9,17.12079686497937,0.9873546243914701,0.057605175701438915,872.9892694277846,1751.9785388555692
45r4w4w94slzz5qscc6v4wms,22.80862626178807,1.5543000753340697,0.057423196291618114,855.4217903894092,1716.8435807788185
6ctqtqqrmt3rhqqm9mc49zq4,1.6270331149775612,0.11972499822138032,0.05263560398929827,667.6597897686015,1341.319579537203
46rqqq6c69tl3vzstmvrm4cq,10.795029195295253,0.47020414276638123,0.06705759115717042,908.2538191299832,1822.5076382599664
rmth3h3cwq64qql46h5qlwr5,16.494857322577573,0.8413921369456235,0.06357259407151176,945.5725207543741,1897.1450415087481
4rrr4q9clwthl5969htlzqms,5.652570800176387,0.02017898604149341,0.05448294235498077,600.0586013955638,1206.1172027911275
s9tt3m63mszsw496ssqq6sq3,15.681411338250992,0.06342529366320554,0.05472322368315709,810.1974691033658,1626.3949382067317
w9tthtzt39tcm6rq39trzscl,1.2873859529645317,0.11608325032875838,0.04411256470352899,690.7889711791295,1387.577942358259
45r5z9s435chz56htqvrvwr6,1.3006483217266402,0.06069038995024256,0.03934581688662599,584.9186484946125,1175.837296989225
3tt6693m6hhsqhlmww6v3hrm,0.9568627497806007,0.05745000646679814,0.027691277885459054,381.3590502770038,768.7181005540076
wztw59rm9sltv6h4rmsmht66,9.794945216960556,0.2482129898280274,0.07022470405915883,855.243130629835,1716.48626125967
46r543cs5tl56v6qmc5qr434,14.603254706938298,0.295165079814151,0.07133292827840206,850.2578032830851,1706.5156065661702
tqtv94mv9cz5s6zzrtv4qhcl,1.0357812961377548,0.0641162441566125,0.024944819780997295,505.2532749645238,1016.5065499290477
cst9v559hmrc4h4trhrmq6s6,11.221710873156848,0.16804411881983491,0.06875018349318263,945.8305825990706,1897.6611651981411
4hrv49q3vwwsmvwrv4wqs46c,20.620170405373067,0.7394556183437486,0.06674646344985274,948.1006576063127,1902.2013152126253
4qrh4wh9vchvmv4qrmwq449q,23.70509551537954,0.006737946999085467,0.05445057012776271,843.5140282938376,1693.028056587675
49rl436zc5vv9msh3c4q34wh,14.296260880675778,0.5103640916722345,0.06390916831514279,901.1862802327577,1808.3725604655153
44r54zts4z5wswl6s34qs4q5,13.062145934658869,0.006737946999085467,0.045499905749856066,704.0109555950961,1414.0219111901922
szrv6st6zrvcc543lm349ltq,6.058932238837777,0.006737946999085467,0.03941774518971022,562.7129588924718,1131.4259177849435
4srs4msch5lmll463rlqh4cs,14.374230770487912,0.7108590501780685,0.07064636005126221,908.2996537008484,1822.5993074016967
55tm4vwc6hwchq5czzcc5c4m,8.903101187008138,0.2698059467110552,0.07120193524016405,970.7144694017645,1947.428938803529
zst4wwtmm69rc4l5thww6vrh,11.71119197859338,0.6769655698971339,0.06198683344631947,856.5211469981896,1719.0422939963792
99t39rhwq4rm569995hrq6sw,13.555037776944085,0.3128229153629881,0.0474523737961767,681.4198221264801,1368.8396442529602
43rq4lm4m54zwlrcz3wqt43t,11.083654053916547,0.5884111423135133,0.07300711086910486,956.5846570202176,1919.1693140404352
qcr4qhhmz5m5r5vhrwssss4w,17.045717208475082,1.093200603768076,0.0743519378951519,1027.1685349673214,2060.337069934643
zctt4r36mszzrq93954sr996,1.1669238573567382,0.05715704060751257,0.037867735273915445,593.5937049022469,1193.1874098044939
4hr3qwwmmrwwzvczs4v3l4ms,4.918263676539299,0.03826276187722911,0.06107050972549968,871.2447923776999,1748.4895847553998
4wrvq9t6shcc5rt5rsz664hv,5.021100285675862,0.006737946999085467,0.05776588539172546,613.8689163031893,1233.7378326063786
43rwqz6crv9zlvz366qw34qt,13.448319087059474,0.4249256973492579,0.06443528297643517,898.2628386639112,1802.5256773278225
rct36q9m5clsz44ql6zmtw4w,20.934729767318224,1.4419565093575608,0.06956011646775273,972.4946859114453,1950.9893718228907
4qtvr9ht35659q9t9m6wl4cz,22.150336650787253,1.3539717852235218,0.05917644738953475,964.53234247865,1935.0646849573
4wr64rqc6mcmcvh6wl6qz4ms,12.169779629715947,0.5411543393457046,0.04985360548781325,675.1183894400048,1356.2367788800095
4qrr4zhs4qs6l5s4mmwv44qw,7.631218939806191,0.006737946999085467,0.05463083204023593,736.2886644781496,1478.5773289562992
c9tc49tc95mm3646vwvshv3l,12.669768772304835,0.09328211352141387,0.054191210933606446,806.4197894693519,1618.8395789387039
mttsstqm5m6t54tzq4htmt65,12.493668878753116,0.944134185327591,0.08340583249393274,1011.6159681277215,2029.231936255443
w5th5h9wsmmlz6h4mmhqql93,3.7135028747185643,0.10248985211249931,0.05770188922531348,646.3837304039153,1298.7674608078305
4vt5s9h9q9sqrql3srh9tcmw,14.627237453889089,0.844656017745296,0.10322887470541149,1087.543706192002,2181.087412384004
sqrl4hv59hz665wmrtcccwcq,12.84989678500356,0.36681288600185546,0.0629442931042858,901.4908185544925,1808.981637108985
4mrt469whrltrlvr9m6qc4lt,9.00811455056741,0.19467008509535466,0.07115694578117032,847.181913379901,1700.363826759802
4trllt3w4w65hzq4554zltsq,13.042112594905984,0.4694074598904062,0.06301047675425828,785.3824437175472,1576.7648874350944
46rz4vr6rw9wmlz34vtqr4w4,15.62902416527304,0.006737946999085467,0.06322511346233439,787.2242428515663,1580.4484857031325
zvthqz334693v6thmr65czrw,11.789880885056903,0.26315891186784235,0.06509292299050326,914.4267785950578,1834.8535571901157
4rtvmzwccrm64h5t4r3354l5,9.302995238172493,0.006737946999085467,0.06348427393037777,877.46027964526,1760.92055929052
6crh5lml454vrzwct46tct6l,1.7364404508033502,0.010937273560361897,0.04480953105229055,711.0901438568412,1428.1802877136824
qqrlsh4l445mczw549wtstqv,3.8930820776176738,0.07284582283806323,0.06020266332466921,826.8968734380048,1659.7937468760097
wvr5tq34zt9qvc39s3hrqlcz,5.713138653050922,0.006737946999085467,0.04745169359625624,676.3970960026079,1358.7941920052158
qvrvsrt63zc3hzhmq56mtrvs,10.959192854246567,0.2748756577483696,0.08033997805364712,889.7947956649176,1785.5895913298352
95twhlwrmqc556s3rt9mztll,14.478054566898505,0.006737946999085467,0.049344098643139184,756.0443279800703,1518.0886559601406
m9tqhhrw6crs56t5s3vv3lh4,2.830403089690642,0.11619394225932439,0.06370905311582765,648.9296265873285,1303.859253174657
44rt4l33lq5vqvwrvshq94qw,10.638686564014128,0.412192911733743,0.04572464000330889,698.0164154093254,1402.0328308186508
59tt6cv6cws956v35v4999c9,10.623983404285735,0.006737946999085467,0.06580106557514837,818.9782567499351,1643.9565134998702
4zrw45wzhhczs3rwq33qm4q4,18.675502106182684,0.6644854616918578,0.04939311362814878,865.3432583529159,1736.6865167058318
cqttclqrl6vmw6qzqs5c6cwt,1.3844389802076114,0.16678417224278425,0.06118229632267704,710.9185453068437,1427.8370906136875
44rz43qtqczwc5t6q53mh4t6,13.391757280043747,0.006737946999085467,0.06488575519252415,815.0139319995972,1636.0278639991943
4lrqqlzvm6crwv64ls9t54h9,15.223395813699817,0.9151992636998274,0.07916428140385523,969.6774289742795,1945.354857948559
w3rzhmz5wqlszcz4v3564z4q,2.4495193142251006,0.08885008428246685,0.047473656787930044,541.2753614688895,1088.550722937779
4vt44wrhsl5c94r9c46m44w6,10.67973713568031,0.1645631998916603,0.05854844919473856,756.227664113894,1518.455328227788
9ttqrrtwhr554446qrrvrthr,16.23898526308273,1.2159191413317088,0.07340122077802144,942.0824380893561,1890.1648761787121
3htqttqw6vh9hqw6m6vhcqr9,13.901414232931693,0.5882576077654553,0.06468516996517737,826.8090574709036,1659.618114941807
9mth6hcmms554h4lmwh66chh,1.5540365080404477,0.1962411808565223,0.05009967906459492,642.3098841395268,1290.6197682790537
4trl9s4rrhzcz56vvzt6tqw6,6.320886203532893,0.006737946999085467,0.07550495650285516,865.8261272622835,1737.652254524567
9vrzllwvl5w9r53h69zlsvss,12.978816306895808,0.006737946999085467,0.0637723163121343,855.6286691133809,1717.2573382267617
36rl5t5h5l3s659t6s9wth33,4.3314487080822826,0.10349134748733188,0.047494000958918,609.6859594241382,1225.3719188482764
4qrqqtzwmv65qc54lhs3z4lr,1.0941042029387027,0.04484885135287586,0.03616654679445001,545.0453949212998,1096.0907898425996
vvtlls4qh35556v5zmq4vmcc,20.31946766847925,1.5411239943841957,0.06216128730502744,975.3829121759048,1956.7658243518097
49r64w5r69rlhvc5l3wq346l,0.9393451526881178,0.03273394606391198,0.0474672542392775,620.3691945103691,1246.7383890207382
4hrc4hctz949v34w5lsqr4h3,6.700044968360479,0.09407944226566797,0.05605393810573217,726.9125348162967,1459.8250696325933
h5rsvsrhs9hr3zhtwvv6vqsl,22.721175035485082,1.0850496365223021,0.05685918968587236,957.8774153053103,1921.7548306106205
46rs4sh6svlrrmm44z9q649w,12.002758299380588,0.8258872936961221,0.061160592262851754,868.2540388970156,1742.5080777940311
43rcqmml6rvslcrz5h6st4tr,1.2084646051649974,0.08437766838470623,0.051298092032721246,758.8302919941749,1523.6605839883498
4qrh4lz5lmslztsmqsztm4vt,15.062424229934521,0.006737946999085467,0.0563541879106779,719.3922814699637,1444.7845629399274
4lrt4zl5w9s56zswl6ssc469,13.993916578859551,0.7097192221009381,0.06312559879485494,863.6436548250001,1733.2873096500002
4vrv44tq3q6c636lhcqq44vw,2.5036519573140286,0.09303073948041016,0.037564049479784756,515.314565726296,1036.629131452592
q6rrscscmhsz55wlwl3wzs6w,7.680257552661472,0.006737946999085467,0.040409502305901214,561.8525331427761,1129.7050662855522
5ltmc5qz965m56z3h656v3wq,18.315449642180397,0.7404916752503435,0.07328896412798959,894.2844604763429,1794.5689209526859
vqtr33tzh9swz4zzqszm6zwh,10.752985567955664,0.23435969153036643,0.07108203597503393,822.8559570377399,1651.7119140754799
4cr44qvs43twrv4lh4mqz44m,7.245023266261486,0.006737946999085467,0.06577088280204964,722.0843003232212,1450.1686006464424
6trvccqwq45cr5l4t65lltq3,6.005427310745624,0.006737946999085467,0.047105021176297696,680.6093543310784,1367.2187086621568
qcrcz3qvztrv3zstsr5czw43,11.8945812414592,0.6684883871359368,0.07182878692659986,950.3436642834607,1906.6873285669215
vwtssqtrwqwlc6m9tvq356vw,1.9288477189842368,0.006737946999085467,0.05198475920170731,718.8176447473761,1443.6352894947522
3zttqhtlrcq636mqw4cm3tm5,13.89612608173505,0.6830190093140328,0.0685938234786998,851.4187999869615,1708.837599973923
4rrhhchw4ll34zm5mz3tq53w,16.738595520239326,1.087397950140485,0.07738933066692708,903.9254689532971,1813.8509379065943
6st5tr5qqw596q4c6v5ztsmh,9.178704054439862,0.1127296076981962,0.055833757113674734,687.696271165798,1381.392542331596
4hr34qm356w563wlh4vqz4h4,0.9290568267308825,0.12129060996524522,0.04353261381295151,736.3446543871063,1478.6893087742126
3qtvmt6tch9rrqvlrhslt5v9,21.04975386298895,0.6242700218595497,0.0627636313196099,932.018025061962,1870.036050123924
44rl4chzc4h9z5tv9m5m54lt,14.302983456756248,0.006737946999085467,0.06716182533615561,857.0552423633554,1720.1104847267109
vvtqrhzmqrv35665sm5lc44z,1.0362811071254003,0.039407778285438996,0.035770489535070484,497.0150626137953,1000.0301252275906
4qr54wtr495r9cqmhm4qs44r,15.519776978856136,0.17166909113664902,0.06284288013492381,822.1484510487624,1650.2969020975247
4lrm4mqv5czl6wz3hm6cl453,1.4737899080654895,0.04169902086338517,0.03923587601270273,480.6957553998708,967.3915107997416
vvth36wmw4rv346hh4lwrs35,14.055483157700612,0.590334942489937,0.06722288061209539,931.0305241921587,1868.0610483843175
qwr9999slq63tzqzztmzzhwz,9.706514502880195,0.7565425592618247,0.08144618328404513,984.5350579058991,1975.0701158117981
96t9cs49v59z36qrmmhq3lz9,5.755870337714329,0.006737946999085467,0.042733319736292255,528.4880636916922,1062.9761273833844
w3tq4qsll9h4v65m55hcv6mz,10.259137809201183,0.3396000827941552,0.08944262629087643,1022.4661404617941,2050.932280923588
4lrv49cq333rmlqvhcwqv4wv,9.467285924700795,0.5364916152396237,0.054749875770875235,767.2234893574888,1540.4469787149776
rhtwhq6lv5r6c666hq5v4wql,22.591445731097544,0.582579927711371,0.07345243177986754,934.7499893619281,1875.4999787238562
tstqlt66mtv536mvcszslmsl,23.071482350398163,1.931773621771864,0.057777756451623856,913.7252674556308,1833.4505349112617
46rmw64l6c5cwzh3htmqhw6m,9.680350218695418,0.006737946999085467,0.05776257108580309,755.7718975312479,1517.5437950624957
4lr34mw936t9wwcqvh4qs45r,13.553738173732174,0.24433921644296588,0.07879330874524168,947.0895267445947,1900.1790534891893
9rt9lmh6csv6364m4mrhzhtr,22.813276930589765,1.7848954006612376,0.057671562439276514,852.094756163786,1710.189512327572
s5tzw343vltwrqm33953m639,12.207380515872126,0.7490714275131898,0.0752248243825465,981.1823940066074,1968.3647880132148
4wr44mq5hzc44z66ws93zwws,13.467798870379092,0.20090098594981104,0.08035080429178101,923.1872575426692,1852.3745150853383
6ht6sw4wzsqw6q3t45lcc54w,17.308076673132863,0.9407415224304269,0.0513308381600083,729.887590928965,1465.77518185793
w5tr6c53h9llc4mlqv3tvcsq,23.859786626455424,0.4807151164776332,0.05132222315882577,614.214705746925,1234.42941149385
rmrzsw3v5693654c56lcqw5m,1.0347262996551478,0.08383989425804299,0.04074593292049457,558.2562185930826,1122.5124371861652
96rqlzrt3qt655655vqthq46,15.36455524108721,0.1014544897230105,0.06881453273168342,910.7900711926796,1827.5801423853593
44rl4qwvqtzttlz55qtql4mr,10.933349993375582,1.0593051788091292,0.07764096285071914,1021.614681176408,2049.2293623528158
3htl5zrvt39mz6q53c4vlqtw,6.279186575181297,0.21325339345221597,0.07523019652822481,823.6964356651654,1653.3928713303308
mcttz4c43rv3c6qlhtt39qrt,14.248483108874098,1.0577673559976737,0.057779399150185276,833.2381706041562,1672.4763412083123
4lrw446sv3cvt3lw5cmqc453,14.573198699878622,0.2882738974278365,0.0750750851670607,938.62325499381,1883.24650998762
4vrt4vwscrw99vw9tq6qq4q3,12.316056596930558,0.2238479303126733,0.0706159158012545,894.6336611361928,1795.2673222723856
4wrr4th9ttcmllmhhlmq546l,13.223473016410647,1.241165147913764,0.07034250888290836,993.2021348673853,1992.4042697347707
4mtzrqsqm5c6r4rcw9lsq554,18.649954185648745,0.5438576784177787,0.05566828235279357,799.1535480512691,1604.3070961025383
qtr9v33qs5ct95r6ctc4thcm,10.543599943372953,0.006737946999085467,0.05888956711546843,701.4750523854407,1408.9501047708814
4hrh4cmr39h3l3q5qlqqr46t,8.803771668207565,0.006737946999085467,0.05820251068769239,651.4812000878076,1308.9624001756151
hzrrmr5wvqtzh55cl3swl43m,1.4966962062710274,0.006737946999085467,0.03844854078561574,516.1159363555413,1038.2318727110826
44rq436t66ws6c9hrm4q644r,15.827496310733196,0.9977758209960812,0.06929811061106843,944.2540325352336,1894.5080650704672
q4rv6q45qs9cmcrq6mqw54zz,15.816547211270684,1.2110263886196853,0.06058321371422125,910.0214659145954,1826.0429318291908
44r94955zh3wvmhs95lq34vv,0.9443161051835988,0.049434179287888555,0.033893217404610015,382.46152470923215,770.9230494184643
q9r6zt9q4mvhs5tqlcstwqtc,9.08253231785543,0.006737946999085467,0.06956246122202203,919.2703463443883,1844.5406926887765
49r5qzlq695ssvhzz639l4zl,11.018586943009922,0.5263385875771317,0.08560491392815112,993.9096463957735,1993.819292791547
43rm4vqvcrzl5mcq9rzqc4vq,21.449945154920734,0.37806355015835463,0.0640866516183394,906.7680647701957,1819.5361295403914
q3rwz4tmz6ttrzrz534zql5q,11.86503927395084,0.006737946999085467,0.06011766121402293,673.6618636221204,1353.323727244241
9rtvc56ssclstqsvvcs6r93s,7.42153086673507,0.6328075941675038,0.07302465687126883,901.6212530611292,1809.2425061222584
4zrz4vcsqc4l93rrh3cqc4vc,19.35311943837455,1.176142404607008,0.062059866468993086,883.7830547000567,1773.5661094001134
wvtcc56zmwwsm65636r665s3,0.8874896072707616,0.04903400624212995,0.04158756317370453,489.48156493841617,984.9631298768323
3rt4slzss5z9s6qrh563s9t9,0.8795749853234033,0.07660106882088599,0.031186634739223305,397.0499731681473,800.0999463362946
lmtm9h4qhrqm64czwl53s9zq,3.3808880335960367,0.006737946999085467,0.043568146899429464,546.7516802005384,1099.5033604010769
zqthl6zw9rqtv6qhvvwc3zwr,12.86616498787575,0.48832309870101076,0.06395723585479723,780.1171928416112,1566.2343856832224
9zrlcrs9mzqc6z9tstv35l4t,14.51239238620721,0.8679757022291319,0.06718251688161994,967.3223988283963,1940.6447976567927
4srw44zh3vsv3mlvlcvqt463,11.865953466999471,0.006739185107111207,0.06727145430936543,799.4119585123952,1604.8239170247905
4crh4c6l3st5l36ls95qv4m5,14.726334779903311,0.3224998419166639,0.07597720483700063,933.5766583341032,1873.1533166682063
4zr6qlwm4shzmvq646qw4465,3.7848389475518704,0.2742144637111524,0.0665130213736092,791.1605094224615,1588.321018844923
4rrl4lqvqt3lmzrm3rvlm433,19.42737287367592,1.2257795182289253,0.06593013445757478,919.859447927473,1845.718895854946
llttlcwvlwt3rqvlt9hlqwz3,2.6726269606676207,0.027570160995338183,0.055583250465047085,605.2202049070607,1216.4404098141215
lhtl6whv3mmvtqws6zwvvwv6,15.371495523405772,0.9138750816319521,0.05964280014600054,894.4960612695057,1794.9921225390115
93tqssmr34wvz44m9c9vz964,3.0274880922019385,0.05706270153336028,0.06064202862211973,741.267111428391,1488.534222856782
4trcqqs9rw633vmwlzt6w4tv,7.875047556449168,0.006737946999085467,0.07847946111675255,1041.850702559897,2089.701405119794
cqtchr9rwc6ms6qm6cm5zscq,5.64612005292074,0.23740700022716477,0.06346269650696507,766.8261373563982,1539.6522747127965
thrqhz49mlml39mczc356zt5,1.4792655413218165,0.07100107792532984,0.050060048004109375,620.2742655658801,1246.5485311317602
69r44l5qwqhszz9rvlwmmhqz,2.596134853642068,0.15607837148593973,0.051636397197678416,658.4952387571899,1322.9904775143798
r5tmvlqq5swthqc33v4rht9v,11.458742585298582,1.057065601229077,0.06631690718060221,750.7958989492864,1507.5917978985728
9ctscqv3qcz636495cqr3lhr,17.03612242984757,0.6361672390755058,0.056892041284203436,852.9452978135062,1711.8905956270123
4zrl4thcltsrvwmv465qr4sv,13.285965033724015,0.9375428099894344,0.0778454921643066,900.118319074433,1806.236638148866
tqrszmtrqqc6vcz9slclt9cc,1.0759993072658052,0.07552151878028542,0.061523503158137254,856.4587737677552,1718.9175475355105
5rtw4zwvs4vzm6hwhz999m5w,11.288326670570303,0.006737946999085467,0.08493741011007143,981.0499295779642,1968.0998591559285
4wrrqltv3qc63cr36ss9t44v,3.391600835130157,0.06858229808111943,0.0629098779215599,664.0817911317386,1334.163582263477
4lrv4zz99vmz5t9lzv33l4qq,18.68723128474406,1.5921895154569183,0.06352106163757729,915.3245039375456,1836.6490078750912
hzrwqszw3s3z9z4h4h6tcqr9,11.016458497812085,0.22714023453207016,0.047701309469637986,879.1226325154202,1764.2452650308403
z9tz6q9s9t963696lhh3rlvs,4.043551626257434,0.01914977748448679,0.05931762633919961,593.2158274498175,1192.431654899635
6crw4c4rllt6q54rvllwrrrr,13.55288284219196,0.8019968713257088,0.06413764609457451,1033.123283531942,2072.246567063884
5lt4cmz4cl59qhr99w49l63z,14.636619148248553,0.8694010853150389,0.06378442681671267,844.2376598828906,1694.4753197657813
4srtlqs6wv49tzrmqhvw5wr9,9.694918920365808,0.16364349702223813,0.0668067260199525,861.6698744143046,1729.3397488286091
96rh6lv4h464rz9t469mzs63,0.7190435858025217,0.10273623878605415,0.05309403335451689,671.2635181872926,1348.5270363745851
49tlmvwsm59sqhrwlwcq6s9v,1.1341793335830634,0.04534961492746935,0.05164018376075093,525.767715986197,1057.535431972394
tct4rmwvl6v4z6th3cqrm9c6,14.669377366667995,1.3664976536622278,0.05830218715296437,932.497268183776,1870.994536367552
qmrq63c5qwq5z53l5hm9rtv9,0.8026245611788903,0.06390023047146304,0.03664238777583155,654.319970227371,1314.639940454742
hhrhtlwvm4qm95mzcllctlv3,10.179158728413668,0.006737946999085467,0.057391569360723274,678.6182076673508,1363.2364153347016
qvttzvs5l9vqc4369q656mht,13.895921319401321,0.7962646830666028,0.07163500380218535,919.3237045307534,1844.6474090615068
4rr5qw4tvmmt3cqww3ltm4lq,1.0027571829748907,0.058860761137780854,0.040688909742820606,567.6721794395994,1141.3443588791988
6qt4rqztthctc6qtqs6zhrmc,2.2657041433219334,0.07151944363654333,0.05289565089089844,698.8731918547176,1403.7463837094351
6rrzwssvrrvt55sv9m5tr35z,0.8262818947905319,0.08191625318260362,0.03437912698198324,404.42277482654777,814.8455496530955
w5tww6t3chm9rqhlhql5l4z3,15.393691341627981,0.7377222616102088,0.08631840071401023,952.5756080552692,1911.1512161105384
z9t34chll44cv6lcvsl43wwt,12.438213716626732,0.931332297606457,0.05193043306951928,902.5917897255881,1811.1835794511762
9htm6tmc9mzrhqs9vqv669t6,1.3099178251015404,0.11026627591442781,0.03797138690002161,540.4551716676598,1086.9103433353196
99tzcwct5chlrqllsswr36v6,9.702328737432042,0.006737946999085467,0.08023751057495032,989.6558839402624,1985.3117678805247
6ztv6wwvq9wlm65hz69vcr3w,15.739920948111013,0.2845736636977077,0.05291557674319278,770.5900890668024,1547.1801781336048
4hr6qwvshrqw3cczv6twc4t9,18.516350277105843,1.2667774091737698,0.06359820334809244,965.4470915211273,1936.8941830422546
zlt66v9mlw9r34lq4rsl6wqh,15.016130660937428,1.5625229332703072,0.059906820382257364,944.1303131133052,1894.2606262266104
4vrc439hh9s3cs9zmhtqz43q,16.498328477296603,0.8898323954348197,0.05947506192012393,889.5632392429318,1785.1264784858636
4vrsqrv5zcss3v4lwh3tc4tl,12.736005882363333,0.5449368591472128,0.0687986958532733,938.9313745235893,1883.8627490471786
4lr34ls3h4m3s3m535cq9443,14.00761131843031,0.699335273919107,0.07222803945309542,946.5861162768551,1899.1722325537103
vltsvcstr4vlv69c35lrhrsz,12.319135968125885,0.6975337719123339,0.06499839584443716,951.4799373737678,1908.9598747475357
45rv4h494tm56lw9ll6q54tc,5.802644569491536,0.006737946999085467,0.06097733499492122,744.8217147821607,1495.6434295643214
4hrh4cwtr96333q5qtsqc4ct,11.112818607222673,0.5496597709406927,0.06895189057353064,900.8717511852358,1807.7435023704716
4tr443sw6qv633c59czqv44q,10.401244542428785,0.09533033714504346,0.06720844317173034,813.2933377388473,1632.5866754776946
qwt4q5mcrc3qw6zhh5tt49mv,7.483474267270076,0.4215711468592813,0.06785851800487962,826.7180369806288,1659.4360739612575
43rl6l36vws3vc9cczc9zv6h,5.294660379345711,0.006737946999085467,0.0446964006170287,702.2016065054046,1410.4032130108092
q6rwrv6r6rtrz5r5tc4sht3z,4.1602967459407205,0.006737946999085467,0.054115194567859105,656.5834717096704,1319.166943419341
wztmw53lqwh4qh54vr5lw63h,21.218714129741322,1.8855299695005046,0.05791098819741476,884.2064321561625,1774.412864312325
c6tvsz3vqmtzl6q5hzlqlvq9,12.795726942181991,0.10311262585424621,0.06759268865740396,962.5156672097672,1931.0313344195345
tct9hzvlsww9l6twll644rm4,1.1284660165760672,0.0897094526713206,0.04795218616181687,622.068686848774,1250.137373697548
9sr6wm39rvl5t5whttwzt4z3,14.48179160267791,0.15207391427468203,0.06734187155255514,983.1882431492752,1972.3764862985504
44rcqlz3qzclmtlhtq3qw443,8.041002140882648,0.052263266775168696,0.05717330607796897,832.6763536350811,1671.3527072701622
4cthcwrwzl9h94c6q4l4t6mv,11.272933524587302,0.8094050483937402,0.07961889574093947,977.7150233542781,1961.4300467085561
m5tv5vlzm4zc566cztml55mt,13.987500419932356,0.05629044267757104,0.06641993665033843,918.0801476684289,1842.1602953368579
4vrh4zqhsh5hswqqsqrq34ll,15.622311082511885,0.6853153277051354,0.05983168948641985,829.5032004170363,1665.0064008340726
9ct6zsmrc4th4hcww9999h6c,14.815000898564698,0.5161493742694158,0.062021702056428124,889.1394657093547,1784.2789314187094
cctsqrms9r3t6qql49lc9shw,10.534835038542306,0.3015244962268456,0.05176369276063142,698.6139768154261,1403.2279536308522
4vrlqrs33966tcv49s3ss4v5,10.034083118490265,0.20712791214750542,0.05996710313433297,841.9404810829848,1689.8809621659695
5htq4t4hwrtq9qcrvq9wzlv3,14.608804110530441,0.7555586385089803,0.06954384211535428,909.7017337771172,1825.4034675542343
4srl46vzrhw6tzwtrmqvcml9,3.004272187261593,0.07637958444844645,0.04457516089577129,691.650052079127,1389.300104158254
49rlqrccqvth3cv5rv39z4zl,6.463982417569289,0.11179846149742201,0.0550095120436359,698.1321036554298,1402.2642073108595
4zrm4rrl3tw3qz96htrsl44m,17.118502860666354,1.6114480458204663,0.06675488570344723,889.7912656669911,1785.5825313339822
c6tmlr3swr3h4hrwtc5s9w9w,6.012467797403804,0.017106133443536002,0.05259453234859711,664.0943153027251,1334.1886306054503
rctr4rhc5hll56lswmvlzwrw,11.999624255469442,0.006737946999085467,0.06250960056587672,734.4626780677763,1474.9253561355526
vqtql6sttwwhl4src4qv4t49,15.39419555826203,1.073177609446558,0.06594588843827531,894.6213044778186,1795.2426089556373
q3tc4hl5sz3tqqr333545zcr,1.4680626039532063,0.07536618813650897,0.04687520722170187,555.4682381601641,1116.9364763203282
4qrw45m36s6h9mq6v6lqh4rt,11.470757186534719,0.2919653280199366,0.07475090401302444,897.0321978712949,1800.0643957425898
4rrwscslsr4slz64r4qvh5lc,1.3896545793890942,0.007107949580687351,0.04311491717612628,690.1629877122385,1386.325975424477
q9r6m4z69lc9rzcvv4czvv4l,9.153291924167831,0.3666370270657968,0.06617730426280037,828.3183328704221,1662.6366657408441
h5rcr3hcm3s3cctcrhvzwvmm,1.0158249563572972,0.09826605793430399,0.031830495240431494,405.40888738756485,816.8177747751297
33ts3qhtcwvcv653mvwqqttc,1.0615649145755075,0.030455859842003496,0.03149653015731313,547.1953046475182,1100.3906092950365
mztq6sqzrhq9w6hqrhlr6lvc,10.985331759174809,0.45865449953409154,0.05914445122686987,838.5830071561295,1683.166014312259
4rrm4h9l54tl9mc9ztcqs455,0.6581423222422971,0.11819591802581778,0.04323608921390353,528.2621486539689,1062.5242973079378
rttsv36q9s6444c9m9zqssr4,11.854266722767338,0.6820316597342929,0.06372473055019762,979.1444837231679,1964.2889674463358
4zr54q9v5t3ctc5hrtlql4sl,4.218275371453546,0.11609078263563,0.04438807122238122,601.4588546084608,1208.9177092169216
44r5qs4v36twrtcl3s4qm46q,17.265742624395813,0.9795690202107636,0.054834894422624736,873.3301996513026,1752.6603993026051
lztrv9w44596hqrc3s53666z,18.598895885097697,1.1553694552185654,0.06518271960161515,945.7791306716181,1897.5582613432362
46rw4zhc5hw4qvrlsc9q34m6,15.9105794984768,0.006737946999085467,0.07233269197934705,868.5877017868507,1743.1754035737015
qrr4ht3vvvq5wz43sthwl4vv,0.7469982866300419,0.08172866179777524,0.04344073194765886,523.5324932876665,1053.064986575333
twtql996czvq6hhcr6hrs4s4,17.764289294747734,0.9563197154542489,0.057883431883901985,847.4591342417134,1700.9182684834268
z9tr9lmwtl9ztqwv59qsrw6c,0.6208750814621922,0.9511115863089992,0.23240451196989484,1114.3734683072826,2234.746936614565
44rh464565trztz9s36m94w3,19.685762389601777,0.6036788031637489,0.05765818283063508,936.6586943004912,1879.3173886009824
4lrqq463qc36tc65l39rh4q9,1.8513642766721472,0.015849606153020987,0.030576445260279844,462.2005651732919,930.4011303465838
9ttwszmrwsllq4rcz9t9wrw9,16.69350838748739,0.006737946999085467,0.04732356804349032,597.0045534622652,1200.0091069245304
69t3zlc9crsc54qzqzrzr69c,10.83530996534462,0.5450840030859276,0.06028111208700674,803.8485997021183,1613.6971994042367
l6t3hvh3z39zqq9svq9sm5mv,7.738823970183255,0.20644329324194566,0.062140647467367846,878.5780311387346,1763.1560622774691
cztqt4czl56hm65ws35zz3sr,1.3158675221597873,0.04048870916695714,0.026125811617871662,560.0049045109677,1126.0098090219353
9rt3zmqr4596t4v339m3q3z5,20.949691772875703,0.36663307559119895,0.05618787125403903,849.7783527839044,1705.5567055678089
4tt6zcllr9vlq44hlc3m6scm,1.4365908705513324,0.16220126004504937,0.048142829478965955,586.5508375404019,1179.1016750808037
cttl9tczztq3qh965m9vt6m9,1.811585669075751,0.09587341038277826,0.05955396524763501,728.10777235386,1462.21554470772
qqr9tscllc45z5q36r5rvtqm,12.692058163700942,0.006737946999085467,0.05958891979694371,799.3833567899426,1604.7667135798852
4vrw4z4swhw46vrlshhqc4ch,13.472684401496304,1.3409085818861244,0.07038735761795069,926.3020060593919,1858.6040121187839
trts33srcw4z9q45sz63shls,1.5944382764305616,0.15522749786756224,0.05421198807711116,773.6611805312124,1553.3223610624248
4zrwqqm6rtm355w4mvr56z69,8.61638102764141,0.2315266840145184,0.07160444823079025,843.7688319159192,1693.5376638318385
m6tlq55m6vhhqh9cmtqclm3c,20.239625797002248,1.3938605229871062,0.06938141990970477,1040.4040059834795,2086.808011966959
rztvsrll3cztm4rzsz65lvcc,16.451787143807124,1.071181104773908,0.06616681951497765,892.28938014441,1790.57876028882
3ttw45s3qvmcm6lhvcrcsc6w,3.215449976097808,0.047312522616229466,0.05040711177864984,762.4391503101552,1530.8783006203105
4lrm4543srss53l5c4cqw4v4,15.697141589705637,0.30308130900204067,0.08042276486472076,918.1306632167795,1842.261326433559
srts3qzhqvshqq66q35l3wsv,13.178456007919301,0.05288473799962384,0.05164721986338986,708.9612785437753,1423.9225570875506
4tr34c4q9wl35wsvcq3q5464,13.410392477637608,0.8304947150227376,0.06436613489828497,916.9107671908982,1839.8215343817965
4vt64rh649thm6s96c4hzlrv,11.442786313240568,0.7599002759526247,0.07075219939575345,937.6370716800612,1881.2741433601225
4wrm4vsh35c4vt6vvv5t64ws,1.5873398026866927,0.07007378602102293,0.043855834841189746,798.83967609921,1603.67935219842
slt9sllscwcsc45l94z65tv5,12.906834085874948,0.006737946999085467,0.05042083671755582,628.7070231341512,1263.4140462683024
4srt5vl4zqzms5tz3mcw5twq,11.498056749117818,0.006737946999085467,0.0468465497984883,647.3716034355045,1300.743206871009
q3rs6w3tr4tw35tc6h93vvcz,15.295464560806398,0.5502290254119646,0.06970346238642398,998.7196102822596,2003.4392205645192
4rr444wt5446swqtqmrqz49h,1.1590572379148774,0.1816700043257427,0.05450293342894477,655.418912070256,1316.837824140512
lht59vml53stl6t9356zzlz5,12.171916712833262,0.8669952752298111,0.06830860076663037,939.460215119182,1884.920430238364
4vt3hh4tvlzmv4m4lwl34s94,12.321083619850384,0.5303395248540897,0.07323504729543559,937.1146969850893,1880.2293939701785
6hr65llm5rccmz45wwsrwrqv,15.155310632555732,0.0687868752792107,0.05192794226799066,854.968087187149,1715.936174374298
zht9rwvr3zlcz6q5lsmcrzrv,9.01199556251713,0.2653558135171623,0.07011757113635977,926.2150931926551,1858.4301863853102
4rr5qhrlcz64wvv5m9s9h4vs,9.246881654328256,0.006737946999085467,0.07916739233057754,932.3108608781364,1870.6217217562728
4qr9lm6t3s46rz5z43q4qr49,12.642153273409882,0.18984749805805748,0.059047480172956385,712.3234611877505,1430.646922375501
vttlvmzzl5zw3643tls54hr4,6.94253628320413,0.2705179896336217,0.0690601280035682,877.8838942804198,1761.7677885608396
hvtc994r6wcwz46s5vsvmwtm,9.988032387608035,0.006737946999085467,0.04489218664239008,736.0586759746388,1478.1173519492777
4zrc4646c3q4tm35lq3qz4tr,16.04408195117379,1.282944881864066,0.06751116695562104,978.1571783162866,1962.3143566325732
46rc4zl46v35sch6s3vqv49l,1.6362987851206028,0.15801683442564085,0.038587706732717116,494.9813842766984,995.9627685533968
46rr4hmrzlvvwswrc9zqc4sl,16.643955026625584,1.2332068429464056,0.0558765489646654,890.4898730342361,1786.9797460684722
mvtvv9lh6whmz6434mwq9vml,19.34343220039123,1.5488741775786494,0.10877600160309327,1132.490249429367,2270.980498858734
6crcmzzr4r3zh5trl3vchzzq,8.687427051379329,0.11108179099594145,0.061506694150038746,713.1437429162631,1432.2874858325263
9wrv3lhr9vc64z6q6vmhch5r,17.193711835014195,0.8513311360298017,0.06548909590881857,909.638162520113,1825.276325040226
c3t494tlr39c4hws6hsmhvhh,1.8623726876094209,0.032333814730814564,0.04148102668688543,529.8645936024795,1065.729187204959
crtm9ss64cl64qcmq4zr9z49,17.683135402720183,0.8011442422535782,0.05978287162421787,946.0271867994802,1898.0543735989604
4vrlww3cr9vlw5ltv3w4smrv,19.39815548453928,0.7598068530039865,0.06289741561610465,912.6387519064209,1831.2775038128418
99r9hw9r95tm5c3c959z953m,17.638692354392646,1.1382746165258615,0.06050989571266133,973.7105669141414,1953.4211338282828
4sr94hrv9mzvstchhr4c4465,20.067620405435747,0.006737946999085467,0.06195648457921812,711.5922426255781,1429.1844852511563
69t9trc3cwqz36lltw3q4hcw,4.646038659261975,0.21908189368152475,0.06013153303819762,775.9528027376715,1557.905605475343
4hrtq36t6shvscs9tm5s44wh,1.0057218027798869,0.06333881197908761,0.02641969159111971,441.4467391067944,888.8934782135888
qwtstzrvz4rsh4lw6s9vsv4s,1.1667267781717245,0.23053745152874833,0.06526267854312126,820.638567593233,1647.277135186466
49r5q9v95th93c3hmchrc4lh,1.039152944300735,0.07654226796096722,0.043381580603324255,643.5286959675747,1293.0573919351493
4hrh4wc3rql56vz3969q54mw,11.824700362480936,0.006737946999085467,0.07274956515040848,914.4456882114368,1834.8913764228737
rcrvrzh6ll3lmrmcz6zmh63s,10.476061534271569,1.3823061159526824,0.07610379024073813,1005.4713883293118,2016.9427766586236
hcrm4s3rtv5l65scvvm6r4cz,15.941853478020025,0.7321157346700196,0.0652291568781321,943.1999492744242,1892.3998985488483
4lt3zst5rh9lv65qch5c9twc,0.6533231090483862,0.06244549456065851,0.059808436227132784,662.4514699469865,1330.902939893973
sst4mth6t9lwqqqqwqwc9c69,13.332971697979485,0.6253004859972224,0.07556124802941877,895.9193178185765,1797.838635637153
qvtqz5z6mtt3wqt6z6lw3hmw,15.693886449454858,0.6851653183237567,0.0669917431883855,965.7048885813387,1937.4097771626773
4qrs4456w3ccs3m44m5qv4vv,20.11376626421316,1.060241897512054,0.05661480735257738,877.7566456963872,1761.5132913927744
zqts4rqmw9lz94smmvt95cll,9.003175714944618,1.2554963360511966,0.07127488635225672,920.5697908768839,1847.1395817537677
4mrt4q4w56zm334qs5hqw4lz,12.231497857792016,0.23581658463132837,0.060331998943533055,804.6978587167732,1615.3957174335465
4rtv9wt539tsqhml9m9t5l5c,1.4840186501704733,0.15323682665105073,0.050399094627678775,622.7667315553758,1251.5334631107517
wcr4sv9qlvm4vzsl9hqzm6rw,18.03183102180715,1.296824108071568,0.05505643068713574,826.2860942564292,1658.5721885128585
3ttzcctzwww6qh5m4h3r3s5z,13.769104579357162,0.006737946999085467,0.06065384866693556,884.8376484291415,1775.675296858283
l4t5c46w6wh6s6vqll3lvvmw,0.2561864019368452,0.9469458436718903,0.2158906205084345,905.6860300084878,1817.3720600169756
qqt56mr95vhcqh34cstc9vvq,13.828099894431428,1.184536784992069,0.0615289278381584,858.6708547243561,1723.3417094487122
hlrlhcq34wvqqzhm94334t5w,11.340913588045513,0.006737946999085467,0.06519352043229784,937.5544390611224,1881.1088781222447
cmth6hw5l3srqhqts3ltlzrq,16.45617100384021,0.22814598904274436,0.0676264469234676,872.2423369410068,1750.4846738820136
99tvrzs69l3ls669s6tczs5c,0.9656374965817084,0.11029619786322503,0.045928670616847946,708.4939182200376,1422.9878364400752
q3rcwlwth6tvv594rczrw6lm,0.973392160966858,0.10277415526620572,0.03956991948682053,538.0681160092947,1082.1362320185895
qstcht3c36zvh49zrqmc64q4,1.3700486651435648,0.08248044185934682,0.04060644181461134,518.4536087124267,1042.9072174248533
4mr64h5czv54wmztmvlqc4zr,11.396976515705818,0.8475973331410378,0.05561402440189442,786.7204129647603,1579.4408259295205
4zrt4cc4c46qv3rvr4sq4446,8.901837105262834,0.04800270600805313,0.059281727100145634,794.1772369294013,1594.3544738588025
4ht6rcr9455ww6wr5lv46mt5,11.417281079937574,0.07618841509875009,0.10550986239729884,1111.0219244934851,2228.0438489869703
49r64slcz9vz4s3h339qm4c5,15.276960962783958,0.1554993818246619,0.07161416242636329,962.1808014715599,1930.3616029431198
4sr54s5wrh4hh3v4r93ql4r5,18.90863115917687,0.45918611171784274,0.05903016977033218,840.287790832862,1686.575581665724
tmt9l6l39s4wqhwzl3t55mvz,10.053775440637423,0.006737946999085467,0.06034975226896091,780.0691563123175,1566.138312624635
69tt3twmmrsl6h6t3s4lzs9s,10.767967464615765,0.0576115876618079,0.06751651758166209,881.4161690107186,1768.8323380214372
vrtcsmvszrq4v6twwtc6lw54,8.048665062833482,0.1680862735744459,0.055772573069036276,822.8485766591983,1651.6971533183967
4vrzqzhv695q6cq3hzhsw43s,1.5323044252815183,0.018246813818763783,0.04739401745848097,626.2271742900325,1258.454348580065
qrtlqs5mlw4q4h6t4tzhzm33,13.922537367288744,0.006737946999085467,0.061645600578336124,912.9051147456724,1831.810229491345
4srszqvv9r33c596qt3mzc56,13.890731066762628,1.2135092862900843,0.053315603427162066,800.3591455683221,1606.7182911366442
vhtq4936cz6tm6v4sh3l33sz,7.768364678572717,0.006737946999085467,0.07261208512015105,987.114738949786,1980.229477899572
4vr34w3hvt3z6vttssvql495,6.604289887425847,0.08177141745046199,0.04572012823461394,658.2381193076284,1322.4762386152568
4srv4c6clrqsqzlhrwqlv4rz,1.0176976454128517,0.07471739407003025,0.033786635814887625,470.0193570666968,946.0387141333936
43rc4lw9w9wv35lr4qz3vwsw,3.977295663921657,0.15735303885420324,0.042974573125565164,564.1274595041588,1134.2549190083175
s3rr5qm9rh4vs5r4mq3zrsh5,1.5330352109982426,0.09077603096468245,0.04776406506573302,669.515882241299,1345.031764482598
qhthw4z6w5m6m6cmlhwqmrhv,14.54376573326792,0.38523195112132275,0.061818093206102986,731.8338135497178,1469.6676270994355
h6tsmmm3rtclqhw9qtc4rt93,14.388479936281298,1.402046019478782,0.04948675143239896,747.08294999916,1500.16589999832
h4twmttvqvt6945hz33zrm4m,21.188351786936387,1.2365557791659478,0.054624887950370904,917.8412199882007,1841.6824399764014
4lrm465wmslzsvwqq5lq64mq,12.881790041613531,0.5542011977149557,0.06587190398865972,957.871602295298,1921.743204590596
4ztlm44c3t9z56qqthlvrwzr,16.3360933165856,1.6381658496802367,0.05149960991056856,879.9035173487182,1765.8070346974364
r4t3lwlrhlt9w66s6sv46h39,17.42285104778809,0.9222234772892872,0.0495514104508773,732.2153734879768,1470.4307469759535
4qrt4m35qvvwzv9mhlvqh4s6,11.01907162706566,0.006737946999085467,0.04731751575361867,744.7439029521468,1495.4878059042935
qlttc96t4656t4c549hv464h,1.2588176090376024,0.1726278779961832,0.046038287638676775,685.8435900408301,1377.6871800816602
4srlhmtvwvmm65vvrwsrrm9l,21.024209944032798,1.2442585497491572,0.07167331854919529,1018.7816690464934,2043.563338092987
w6rcqhwqccwmcchlhsv3qv9m,14.655518547610303,0.484285259854762,0.05669109334661935,904.5291836926707,1815.0583673853414
43t3wllrrc4l4h53hh5ltzr3,10.442935498962637,0.006737946999085467,0.05349455945717146,739.4181500465535,1484.836300093107
wct5zwq4l6wmqh5vz6q44r3t,0.8301450933773644,0.10261529026115877,0.03917296416436931,516.3072783903193,1038.6145567806386
tmtvsrll56shw4qwz96swcsw,15.1372018451884,0.6350950602842502,0.06514353951299,803.087211887855,1612.17442377571
5hth5w55wmzrv6qmtzz5h96v,24.442180359104555,1.8593333851817002,0.06050133298473052,884.8844962078128,1775.7689924156257
4qrc4lvmtl3z5lr53l5q94ts,18.10906488176628,1.1070245999167492,0.06345001456900437,882.1184271773756,1770.2368543547511
wlt35w3lz66rh4qrzm9t65sq,13.052433828684407,0.07332234268539446,0.0751456662059098,839.946128123513,1685.892256247026
wwt5t45zt5qt4q54vs9msc9h,1.26812144445792,0.05709466478535602,0.028013268327327645,412.6635472844987,831.3270945689974
6mrs3m4wmwc4c56z4zwhl3th,14.325157577855446,0.7534490457516922,0.06327527908459103,912.7560903380408,1831.5121806760817
cqt993zr6l5mv69sl95c45qz,7.4437110740245345,0.11072383010228384,0.049956216299818,649.9082970432829,1305.8165940865658
4trh44l59vtw9l9m9v5q34t3,21.24619271866898,0.5686412901021997,0.05116849540845196,918.9357471401781,1843.8714942803563
shtmr5cvtlcml6hmwtvw4q5w,11.20514132570289,0.3656128346753784,0.06315288610040498,916.2817096542972,1838.5634193085943
hwrm3m4tt6hzcc495hmthr9l,11.919558731199642,0.006737946999085467,0.057979824428681076,839.3630754899348,1684.7261509798695
4hr9435wrmtr9cmh6rsq649l,0.7086037305251106,0.07741406586311941,0.03301552815167859,380.5642575504356,767.1285151008713
